;;;;;;;W;X;Y;Z;;;;;;;;;;;;;;;;;;
timestamp;w;x;y;z;;0;vector;0,00;0,00;1,00;;11;12;13;21;22;23;31;32;33;;X;Y;Z;MOD;X;Y;Z
0,142210484;0,005527449;-0,008058104;-0,000976924;0,999951779;;142;0,01;-0,01;0,00;1,00;;-0,9999;-0,0110;-0,0162;0,0110;-0,9999;-0,0019;-0,0162;-0,0021;1,0001;;-0,01621;-0,00191;1,00009;1,00023;-0,01621;-0,00191;0,99987
0,158018112;0,010573224;-0,014441519;-0,000879539;0,999839425;;16;0,01;-0,01;0,00;1,00;;-0,9993;-0,0212;-0,0288;0,0212;-0,9993;-0,0015;-0,0288;-0,0021;0,9999;;-0,02881;-0,00149;0,99992;1,00034;-0,02880;-0,00149;0,99958
0,159018993;0,011550234;-0,014981961;-0,000559333;0,999820894;;1;0,01;-0,02;0,00;1,00;;-0,9992;-0,0232;-0,0300;0,0232;-0,9992;-0,0009;-0,0300;-0,0015;1,0000;;-0,03001;-0,00085;0,99996;1,00041;-0,03000;-0,00085;0,99955
0,159018993;0,011796479;-0,014935077;-0,000399305;0,999818797;;0;0,01;-0,01;0,00;1,00;;-0,9992;-0,0236;-0,0298;0,0236;-0,9992;-0,0004;-0,0298;-0,0012;1,0000;;-0,02980;-0,00045;0,99996;1,00041;-0,02979;-0,00045;0,99956
0,159018993;0,011884082;-0,014872604;-0,000322535;0,999818719;;0;0,01;-0,01;0,00;1,00;;-0,9992;-0,0238;-0,0298;0,0238;-0,9992;-0,0002;-0,0298;-0,0010;1,0000;;-0,02980;-0,00025;0,99996;1,00041;-0,02979;-0,00025;0,99956
0,159018993;0,011929007;-0,014830136;-0,000278647;0,999818828;;0;0,01;-0,01;0,00;1,00;;-0,9992;-0,0238;-0,0296;0,0238;-0,9992;-0,0002;-0,0296;-0,0010;1,0000;;-0,02960;-0,00025;0,99996;1,00040;-0,02959;-0,00025;0,99956
0,160018444;0,011948695;-0,014810406;-0,000258928;0,99981889;;1;0,01;-0,01;0,00;1,00;;-0,9992;-0,0238;-0,0296;0,0238;-0,9992;-0,0002;-0,0296;-0,0010;1,0000;;-0,02960;-0,00025;0,99996;1,00040;-0,02959;-0,00025;0,99956
0,161018848;0,011962743;-0,014796044;-0,000244735;0,999818939;;1;0,01;-0,01;0,00;1,00;;-0,9992;-0,0240;-0,0296;0,0240;-0,9992;0,0000;-0,0296;-0,0008;1,0000;;-0,02960;-0,00004;0,99996;1,00040;-0,02959;-0,00004;0,99956
0,162019491;0,015738351;-0,020256626;0,00E+00;0,999670932;;1;0,02;-0,02;0,00;1,00;;-0,9987;-0,0314;-0,0406;0,0314;-0,9987;0,0006;-0,0406;-0,0006;1,0001;;-0,04059;0,00064;1,00006;1,00088;-0,04055;0,00064;0,99918
0,163008928;0,01650486;-0,020712972;0,000262951;0,999649185;;1;0,02;-0,02;0,00;1,00;;-0,9985;-0,0330;-0,0414;0,0330;-0,9985;0,0013;-0,0414;-0,0001;0,9999;;-0,04137;0,00128;0,99990;1,00076;-0,04134;0,00128;0,99914
0,164009571;0,01665973;-0,020719292;0,000355805;0,999646456;;1;0,02;-0,02;0,00;1,00;;-0,9985;-0,0334;-0,0414;0,0334;-0,9985;0,0015;-0,0414;0,0001;0,9999;;-0,04137;0,00149;0,99991;1,00076;-0,04134;0,00149;0,99914
0,165009499;0,016702482;-0,020697218;0,000390644;0,999646187;;1;0,02;-0,02;0,00;1,00;;-0,9985;-0,0334;-0,0414;0,0334;-0,9985;0,0015;-0,0414;0,0001;0,9999;;-0,04137;0,00149;0,99991;1,00076;-0,04134;0,00149;0,99914
0,166008711;0,016721945;-0,020679993;0,000409279;0,999646211;;1;0,02;-0,02;0,00;1,00;;-0,9985;-0,0334;-0,0414;0,0334;-0,9985;0,0015;-0,0414;0,0001;0,9999;;-0,04137;0,00149;0,99991;1,00076;-0,04134;0,00149;0,99914
0,167009354;0,016736776;-0,020664997;0,000424201;0,999646267;;1;0,02;-0,02;0,00;1,00;;-0,9985;-0,0334;-0,0414;0,0334;-0,9985;0,0015;-0,0414;0,0001;0,9999;;-0,04137;0,00149;0,99991;1,00076;-0,04134;0,00149;0,99914
0,167009354;0,01675091;-0,020650381;0,000438548;0,999646326;;0;0,02;-0,02;0,00;1,00;;-0,9985;-0,0336;-0,0414;0,0336;-0,9985;0,0015;-0,0414;0,0001;0,9999;;-0,04137;0,00150;0,99991;1,00077;-0,04134;0,00149;0,99914
0,167009354;0,016747435;-0,020653995;0,000435013;0,999646311;;0;0,02;-0,02;0,00;1,00;;-0,9985;-0,0334;-0,0414;0,0334;-0,9985;0,0015;-0,0414;0,0001;0,9999;;-0,04137;0,00149;0,99991;1,00076;-0,04134;0,00149;0,99914
0,168010473;0,019254337;-0,02098955;0,000455781;0,999594168;;1;0,02;-0,02;0,00;1,00;;-0,9984;-0,0386;-0,0420;0,0386;-0,9984;0,0018;-0,0420;0,0002;1,0000;;-0,04196;0,00181;1,00001;1,00090;-0,04193;0,00181;0,99912
0,168010473;0,019762273;-0,020853839;0,000635249;0,999586998;;0;0,02;-0,02;0,00;1,00;;-0,9984;-0,0396;-0,0418;0,0396;-0,9984;0,0020;-0,0418;0,0004;1,0000;;-0,04176;0,00203;1,00003;1,00090;-0,04172;0,00203;0,99913
0,168010473;0,019896281;-0,020766761;0,000726715;0,99958609;;0;0,02;-0,02;0,00;1,00;;-0,9984;-0,0398;-0,0416;0,0398;-0,9984;0,0022;-0,0416;0,0006;1,0000;;-0,04156;0,00223;1,00003;1,00089;-0,04152;0,00223;0,99914
0,168010473;0,019967062;-0,020700049;0,000792853;0,999586012;;0;0,02;-0,02;0,00;1,00;;-0,9984;-0,0400;-0,0414;0,0400;-0,9984;0,0024;-0,0414;0,0008;1,0000;;-0,04135;0,00243;1,00003;1,00089;-0,04131;0,00243;0,99914
0,169010401;0,020006384;-0,020660031;0,000832139;0,999586022;;1;0,02;-0,02;0,00;1,00;;-0,9984;-0,0400;-0,0414;0,0400;-0,9984;0,0024;-0,0414;0,0008;1,0000;;-0,04135;0,00243;1,00003;1,00089;-0,04131;0,00243;0,99914
0,170009375;0,020037257;-0,020628002;0,000863509;0,999586038;;1;0,02;-0,02;0,00;1,00;;-0,9984;-0,0400;-0,0411;0,0399;-0,9984;0,0026;-0,0412;0,0010;1,0000;;-0,04115;0,00262;1,00002;1,00087;-0,04111;0,00262;0,99915
0,170009375;0,020073309;-0,020590471;0,000900252;0,999586056;;0;0,02;-0,02;0,00;1,00;;-0,9984;-0,0402;-0,0411;0,0401;-0,9984;0,0026;-0,0412;0,0010;1,0000;;-0,04115;0,00263;1,00003;1,00088;-0,04111;0,00263;0,99915
0,170009375;0,020096268;-0,020566561;0,000923659;0,999586066;;0;0,02;-0,02;0,00;1,00;;-0,9984;-0,0402;-0,0411;0,0401;-0,9984;0,0026;-0,0412;0,0010;1,0000;;-0,04115;0,00263;1,00003;1,00088;-0,04111;0,00263;0,99915
0,170009375;0,023073344;-0,017465366;0,003959257;0,999573362;;0;0,02;-0,02;0,00;1,00;;-0,9984;-0,0463;-0,0348;0,0460;-0,9983;0,0088;-0,0352;0,0072;1,0000;;-0,03480;0,00881;1,00002;1,00067;-0,03478;0,00880;0,99936
0,171008825;0,013220084;-0,013443568;0,001027267;0,999821706;;1;0,01;-0,01;0,00;1,00;;-0,9992;-0,0264;-0,0268;0,0264;-0,9992;0,0024;-0,0268;0,0016;1,0000;;-0,02677;0,00235;0,99995;1,00031;-0,02676;0,00235;0,99964
0,172010899;0,012312201;-0,014119118;0,000236094;0,999824487;;1;0,01;-0,01;0,00;1,00;;-0,9992;-0,0246;-0,0282;0,0246;-0,9992;0,0007;-0,0282;0,0001;1,0000;;-0,02819;0,00075;0,99995;1,00035;-0,02818;0,00075;0,99960
0,172010899;0,012103145;-0,014303374;0,00E+00;0,999824447;;0;0,01;-0,01;0,00;1,00;;-0,9992;-0,0242;-0,0286;0,0242;-0,9992;0,0003;-0,0286;-0,0003;1,0000;;-0,02859;0,00035;0,99995;1,00036;-0,02858;0,00035;0,99959
0,172010899;0,012036589;-0,01436771;0,00E+00;0,999824329;;0;0,01;-0,01;0,00;1,00;;-0,9992;-0,0240;-0,0288;0,0240;-0,9992;0,0003;-0,0288;-0,0003;1,0000;;-0,02879;0,00035;0,99995;1,00037;-0,02878;0,00035;0,99959
0,173010349;0,012000963;-0,014403754;0,00E+00;0,999824237;;1;0,01;-0,01;0,00;1,00;;-0,9992;-0,0240;-0,0288;0,0240;-0,9992;0,0003;-0,0288;-0,0003;1,0000;;-0,02879;0,00035;0,99995;1,00037;-0,02878;0,00035;0,99959
0,173010349;0,011931966;-0,014474519;-0,000131355;0,999824034;;0;0,01;-0,01;0,00;1,00;;-0,9992;-0,0238;-0,0290;0,0238;-0,9992;0,0001;-0,0290;-0,0005;1,0000;;-0,02900;0,00015;0,99995;1,00037;-0,02899;0,00015;0,99958
0,17401123;0,017165381;-0,020668942;0,00E+00;0,999639007;;1;0,02;-0,02;0,00;1,00;;-0,9985;-0,0344;-0,0414;0,0344;-0,9985;0,0007;-0,0414;-0,0007;0,9999;;-0,04138;0,00071;0,99992;1,00078;-0,04135;0,00071;0,99914
0,175011396;0,018068154;-0,021283386;0,000238992;0,999610175;;1;0,02;-0,02;0,00;1,00;;-0,9984;-0,0362;-0,0426;0,0362;-0,9984;0,0012;-0,0426;-0,0004;1,0000;;-0,04258;0,00117;0,99998;1,00089;-0,04254;0,00117;0,99909
0,176012039;0,018277943;-0,021272485;0,00036023;0,999606557;;1;0,02;-0,02;0,00;1,00;;-0,9984;-0,0366;-0,0426;0,0366;-0,9984;0,0016;-0,0426;0,0000;1,0000;;-0,04257;0,00158;0,99999;1,00090;-0,04253;0,00158;0,99909
0,176998615;0,018370849;-0,021203515;0,000442499;0,999606286;;1;0,02;-0,02;0,00;1,00;;-0,9984;-0,0368;-0,0424;0,0368;-0,9984;0,0016;-0,0424;0,0000;1,0000;;-0,04237;0,00158;0,99999;1,00089;-0,04233;0,00158;0,99910
0,177997828;0,018378878;-0,021198857;0,000449028;0,999606234;;1;0,02;-0,02;0,00;1,00;;-0,9984;-0,0368;-0,0424;0,0368;-0,9984;0,0016;-0,0424;0,0000;1,0000;;-0,04237;0,00158;0,99999;1,00089;-0,04233;0,00158;0,99910
0,178998947;0,023431731;-0,026960874;0,000740927;0,999361554;;1;0,02;-0,03;0,00;1,00;;-0,9975;-0,0468;-0,0539;0,0467;-0,9975;0,0027;-0,0540;0,0001;1,0001;;-0,05393;0,00266;1,00008;1,00153;-0,05385;0,00266;0,99855
0,179991961;0,024428183;-0,02739075;0,001109646;0,999325662;;1;0,02;-0,03;0,00;1,00;;-0,9973;-0,0488;-0,0547;0,0487;-0,9973;0,0035;-0,0548;0,0009;0,9999;;-0,05471;0,00354;0,99995;1,00145;-0,05463;0,00353;0,99850
0,179991961;0,024656588;-0,027347584;0,001256577;0,999321061;;0;0,02;-0,03;0,00;1,00;;-0,9972;-0,0494;-0,0545;0,0493;-0,9972;0,0039;-0,0546;0,0012;1,0000;;-0,05450;0,00395;0,99995;1,00145;-0,05442;0,00394;0,99851
0,180992365;0,024727835;-0,027298888;0,001317927;0,999320553;;1;0,02;-0,03;0,00;1,00;;-0,9972;-0,0494;-0,0545;0,0493;-0,9972;0,0039;-0,0546;0,0012;1,0000;;-0,05450;0,00395;0,99995;1,00145;-0,05442;0,00394;0,99851
0,181987524;0,024767644;-0,027260476;0,001357141;0,999320563;;1;0,02;-0,03;0,00;1,00;;-0,9972;-0,0496;-0,0545;0,0495;-0,9972;0,0042;-0,0546;0,0014;1,0000;;-0,05449;0,00415;0,99996;1,00145;-0,05441;0,00415;0,99851
0,182986736;0,03179411;-0,032997618;0,001784227;0,998948001;;1;0,03;-0,03;0,00;1,00;;-0,9957;-0,0636;-0,0658;0,0634;-0,9957;0,0057;-0,0660;0,0015;0,9999;;-0,06581;0,00569;0,99990;1,00208;-0,06568;0,00568;0,99782
0,183978796;0,033271038;-0,033186803;0,002397728;0,998892349;;1;0,03;-0,03;0,00;1,00;;-0,9956;-0,0667;-0,0662;0,0664;-0,9956;0,0070;-0,0665;0,0026;1,0000;;-0,06617;0,00701;1,00001;1,00222;-0,06602;0,00699;0,99779
0,183978796;0,033633245;-0,03303542;0,002650068;0,998884599;;0;0,03;-0,03;0,00;1,00;;-0,9956;-0,0673;-0,0657;0,0669;-0,9956;0,0076;-0,0661;0,0032;1,0000;;-0,06575;0,00761;1,00001;1,00220;-0,06560;0,00759;0,99782
0,184978247;0,033770486;-0,03292016;0,002775507;0,998883434;;1;0,03;-0,03;0,00;1,00;;-0,9956;-0,0677;-0,0655;0,0673;-0,9956;0,0078;-0,0659;0,0034;1,0000;;-0,06554;0,00782;1,00002;1,00219;-0,06539;0,00780;0,99783
0,185978651;0,033838305;-0,032851849;0,002843343;0,998883197;;1;0,03;-0,03;0,00;1,00;;-0,9956;-0,0677;-0,0655;0,0673;-0,9956;0,0078;-0,0659;0,0034;1,0000;;-0,06554;0,00782;1,00002;1,00219;-0,06539;0,00780;0,99783
0,186979055;0,034254416;-0,033211095;0,002928494;0,998856888;;1;0,03;-0,03;0,00;1,00;;-0,9955;-0,0687;-0,0661;0,0683;-0,9955;0,0081;-0,0665;0,0035;1,0001;;-0,06613;0,00807;1,00007;1,00229;-0,06598;0,00805;0,99779
0,188015223;0,034466324;-0,033091701;0,003101323;0,998853039;;1;0,03;-0,03;0,00;1,00;;-0,9955;-0,0691;-0,0659;0,0687;-0,9955;0,0085;-0,0663;0,0039;1,0001;;-0,06591;0,00848;1,00008;1,00228;-0,06576;0,00846;0,99780
0,18901515;0,034601641;-0,032961212;0,003234915;0,998852251;;1;0,03;-0,03;0,00;1,00;;-0,9955;-0,0693;-0,0657;0,0689;-0,9955;0,0087;-0,0661;0,0041;1,0001;;-0,06571;0,00868;1,00008;1,00227;-0,06556;0,00866;0,99781
0,190014839;0,034725916;-0,032830117;0,003362425;0,998851835;;1;0,03;-0,03;0,00;1,00;;-0,9955;-0,0695;-0,0653;0,0691;-0,9955;0,0091;-0,0658;0,0045;1,0001;;-0,06529;0,00907;1,00007;1,00224;-0,06515;0,00905;0,99783
0,190731525;0,034851001;-0,032696494;0,003491483;0,998851419;;1;0,03;-0,03;0,00;1,00;;-0,9955;-0,0700;-0,0651;0,0695;-0,9955;0,0093;-0,0656;0,0047;1,0001;;-0,06508;0,00927;1,00008;1,00223;-0,06494;0,00925;0,99785
0,191721678;0,043750798;-0,044796287;0,004735277;0,998026421;;1;0,04;-0,04;0,00;1,00;;-0,9921;-0,0878;-0,0890;0,0870;-0,9921;0,0133;-0,0898;0,0055;0,9999;;-0,08901;0,01331;0,99991;1,00395;-0,08866;0,01325;0,99597
0,192724705;0,04607111;-0,045168256;0,006082172;0,997897935;;1;0,05;-0,05;0,01;1,00;;-0,9917;-0,0926;-0,0896;0,0915;-0,9916;0,0163;-0,0908;0,0080;0,9999;;-0,08965;0,01634;0,99994;1,00408;-0,08928;0,01628;0,99587
0,193723917;0,046807896;-0,044748974;0,006707324;0,997878531;;1;0,05;-0,04;0,01;1,00;;-0,9917;-0,0940;-0,0886;0,0928;-0,9916;0,0176;-0,0898;0,0092;0,9999;;-0,08859;0,01756;0,99995;1,00402;-0,08823;0,01749;0,99595
0,194239616;0,047111151;-0,044468215;0,007004384;0,99787477;;0;0,05;-0,04;0,01;1,00;;-0,9917;-0,0946;-0,0882;0,0934;-0,9916;0,0182;-0,0895;0,0098;1,0000;;-0,08815;0,01816;0,99995;1,00400;-0,08780;0,01809;0,99597
0,195269585;0,047314854;-0,044251692;0,00721419;0,997873262;;1;0,05;-0,04;0,01;1,00;;-0,9917;-0,0950;-0,0877;0,0938;-0,9916;0,0186;-0,0891;0,0102;1,0000;;-0,08773;0,01856;0,99995;1,00397;-0,08739;0,01849;0,99600
0,196273327;0,057340176;-0,055287127;0,008664924;0,99678501;;1;0,06;-0,06;0,01;1,00;;-0,9873;-0,1152;-0,1092;0,1133;-0,9872;0,0237;-0,1112;0,0110;0,9999;;-0,10925;0,02368;0,99988;1,00611;-0,10859;0,02354;0,99381
0,197295427;0,059369631;-0,055980791;0,009587842;0,99661902;;1;0,06;-0,06;0,01;1,00;;-0,9866;-0,1195;-0,1105;0,1173;-0,9865;0,0258;-0,1128;0,0125;0,9998;;-0,11048;0,02579;0,99978;1,00620;-0,10980;0,02563;0,99362
0,198266506;0,059901629;-0,055779405;0,009986314;0,996594565;;1;0,06;-0,06;0,01;1,00;;-0,9866;-0,1205;-0,1100;0,1183;-0,9864;0,0266;-0,1124;0,0132;0,9998;;-0,11002;0,02662;0,99981;1,00620;-0,10934;0,02645;0,99365
0,199266195;0,060205272;-0,055490885;0,01028465;0,99658934;;1;0,06;-0,06;0,01;1,00;;-0,9866;-0,1211;-0,1094;0,1188;-0,9864;0,0272;-0,1119;0,0138;0,9998;;-0,10938;0,02721;0,99981;1,00614;-0,10871;0,02705;0,99371
0,200266123;0,060418842;-0,055257753;0,010506823;0,996587051;;1;0,06;-0,06;0,01;1,00;;-0,9866;-0,1216;-0,1090;0,1192;-0,9864;0,0276;-0,1115;0,0142;0,9998;;-0,10896;0,02761;0,99981;1,00611;-0,10829;0,02744;0,99374
0,201125145;0,064981025;-0,05618516;0,010830211;0,996244649;;1;0,07;-0,06;0,01;1,00;;-0,9851;-0,1307;-0,1106;0,1283;-0,9849;0,0288;-0,1134;0,0142;0,9997;;-0,11057;0,02882;0,99968;1,00619;-0,10989;0,02865;0,99353
0,202123165;0,066070052;-0,055764709;0,011382302;0,996190488;;1;0,07;-0,06;0,01;1,00;;-0,9851;-0,1330;-0,1097;0,1304;-0,9848;0,0301;-0,1127;0,0153;0,9998;;-0,10967;0,03009;0,99977;1,00621;-0,10899;0,02990;0,99359
0,203087807;0,066451554;-0,055440922;0,011706312;0,99617943;;1;0,07;-0,06;0,01;1,00;;-0,9851;-0,1338;-0,1088;0,1312;-0,9848;0,0307;-0,1119;0,0159;0,9998;;-0,10882;0,03068;0,99977;1,00614;-0,10816;0,03049;0,99367
0,204088211;0,066662855;-0,055215941;0,011919545;0,99617528;;1;0,07;-0,06;0,01;1,00;;-0,9851;-0,1342;-0,1084;0,1316;-0,9848;0,0311;-0,1116;0,0163;0,9998;;-0,10839;0,03107;0,99977;1,00611;-0,10774;0,03088;0,99370
0,205118179;0,066854263;-0,055000939;0,012120989;0,996171916;;1;0,07;-0,06;0,01;1,00;;-0,9851;-0,1346;-0,1080;0,1320;-0,9848;0,0315;-0,1112;0,0167;0,9998;;-0,10796;0,03147;0,99977;1,00607;-0,10731;0,03128;0,99373
0,206175566;-0,090307832;0,102704767;0,975612633;0,171686393;;1;-0,09;0,10;0,98;0,17;;-0,9626;0,2314;-0,1409;0,1694;0,9410;0,3536;0,2115;0,3165;-0,9036;;-0,14093;0,35357;-0,90361;0,98050;-0,14373;0,36060;-0,92158
0,207192183;-0,090739688;0,11956734;0,987530391;0,047473005;;1;-0,09;0,12;0,99;0,05;;-0,9549;0,2448;-0,1678;0,2276;0,9954;0,1155;0,1905;0,0721;-0,9504;;-0,16777;0,11551;-0,95037;0,97195;-0,17261;0,11884;-0,97779
0,208192348;-0,099518924;0,114363258;0,988121031;0,025176535;;1;-0,10;0,11;0,99;0,03;;-0,9540;0,2311;-0,1909;0,2211;0,9987;0,0726;0,2024;0,0270;-0,9527;;-0,19087;0,07257;-0,95272;0,97436;-0,19589;0,07448;-0,97779
0,209192276;-0,106181238;0,109251987;0,98817445;0,017343719;;1;-0,11;0,11;0,99;0,02;;-0,9536;0,2197;-0,2061;0,2123;0,9995;0,0574;0,2137;0,0110;-0,9530;;-0,20611;0,05741;-0,95302;0,97674;-0,21102;0,05877;-0,97571
0,210218906;-0,110259564;0,106000996;0,988142384;0,013462774;;1;-0,11;0,11;0,99;0,01;;-0,9531;0,2125;-0,2151;0,2065;0,9996;0,0501;0,2208;0,0033;-0,9528;;-0,21511;0,05006;-0,95276;0,97802;-0,21995;0,05119;-0,97417
0,211248159;0,096525618;-0,115762921;0,166751521;0,974410428;;1;0,10;-0,12;0,17;0,97;;-0,9546;-0,2267;-0,1935;0,1494;-0,8989;0,3474;-0,2579;0,3027;0,9444;;-0,19348;0,34741;0,94436;1,02466;-0,18882;0,33905;0,92163
0,212253571;0,124853045;-0,116021537;0,047409983;0,984227115;;1;0,12;-0,12;0,05;0,98;;-0,9418;-0,2568;-0,2165;0,2349;-0,9373;0,1223;-0,2402;0,0643;0,9955;;-0,21649;0,12228;0,99546;1,02604;-0,21100;0,11918;0,97019
0,213252783;0,129405117;-0,114131148;0,035131789;0,984375007;;1;0,13;-0,11;0,04;0,98;;-0,9405;-0,2628;-0,2156;0,2468;-0,9380;0,0986;-0,2337;0,0396;0,9976;;-0,21556;0,09863;0,99757;1,02535;-0,21023;0,09620;0,97291
0,214253187;0,130348549;-0,113430435;0,033916804;0,984374137;;1;0,13;-0,11;0,03;0,98;;-0,9404;-0,2642;-0,2144;0,2488;-0,9381;0,0963;-0,2321;0,0372;0,9977;;-0,21443;0,09629;0,99773;1,02505;-0,20919;0,09394;0,97335
0,215283394;0,13061535;-0,113154628;0,03391281;0,984370653;;1;0,13;-0,11;0,03;0,98;;-0,9403;-0,2648;-0,2140;0,2495;-0,9380;0,0963;-0,2317;0,0372;0,9978;;-0,21401;0,09631;0,99776;1,02499;-0,20879;0,09396;0,97344
0,216280699;0,155335035;-0,133261838;0,040137995;0,978008819;;1;0,16;-0,13;0,04;0,98;;-0,9162;-0,3145;-0,2483;0,2931;-0,9130;0,1198;-0,2732;0,0370;0,9968;;-0,24828;0,11984;0,99676;1,03419;-0,24007;0,11588;0,96381
0,217254162;0,160788933;-0,132965954;0,043452992;0,977025492;;1;0,16;-0,13;0,04;0,98;;-0,9129;-0,3258;-0,2459;0,3026;-0,9091;0,1278;-0,2739;0,0422;0,9962;;-0,24589;0,12777;0,99618;1,03401;-0,23781;0,12357;0,96342
0,218253374;0,162152991;-0,132049282;0,044627897;0,976871407;;1;0,16;-0,13;0,04;0,98;;-0,9126;-0,3287;-0,2434;0,3051;-0,9086;0,1300;-0,2724;0,0443;0,9961;;-0,24343;0,12996;0,99608;1,03360;-0,23552;0,12574;0,96370
0,219252825;0,162533353;-0,131654302;0,045012708;0,976843851;;1;0,16;-0,13;0,05;0,98;;-0,9124;-0,3293;-0,2427;0,3056;-0,9084;0,1307;-0,2719;0,0451;0,9959;;-0,24266;0,13071;0,99586;1,03330;-0,23484;0,12650;0,96377
0,220243692;0,162698175;-0,131444876;0,045195163;0,976836192;;1;0,16;-0,13;0,05;0,98;;-0,9124;-0,3297;-0,2420;0,3060;-0,9084;0,1311;-0,2714;0,0455;0,9958;;-0,24199;0,13106;0,99583;1,03316;-0,23423;0,12685;0,96387
0,221842766;0,162816497;-0,131284573;0,045330231;0,976831776;;2;0,16;-0,13;0,05;0,98;;-0,9124;-0,3299;-0,2418;0,3062;-0,9083;0,1312;-0,2713;0,0457;0,9958;;-0,24176;0,13125;0,99583;1,03313;-0,23401;0,12704;0,96390
0,222832203;0,189458112;-0,159183713;0,055983501;0,967280733;;1;0,19;-0,16;0,06;0,97;;-0,8776;-0,3844;-0,2868;0,3488;-0,8713;0,1687;-0,3292;0,0480;0,9938;;-0,28676;0,16867;0,99379;1,04800;-0,27363;0,16095;0,94827
0,223831654;0,195180369;-0,159659116;0,05998397;0,965823749;;1;0,20;-0,16;0,06;0,97;;-0,8728;-0,3962;-0,2851;0,3579;-0,8656;0,1782;-0,3319;0,0535;0,9928;;-0,28505;0,17824;0,99278;1,04816;-0,27196;0,17005;0,94717
0,22483182;0,196500616;-0,158894474;0,06117754;0,965607251;;1;0,20;-0,16;0,06;0,97;;-0,8723;-0,3989;-0,2828;0,3600;-0,8648;0,1806;-0,3309;0,0557;0,9925;;-0,28282;0,18064;0,99250;1,04770;-0,26994;0,17241;0,94731
0,225831985;0,196904333;-0,158455619;0,061605948;0,965569888;;1;0,20;-0,16;0,06;0,97;;-0,8723;-0,3998;-0,2818;0,3607;-0,8647;0,1814;-0,3304;0,0565;0,9925;;-0,28184;0,18138;0,99248;1,04754;-0,26905;0,17315;0,94744
0,226831913;0,197123041;-0,158153156;0,061858054;0,965558733;;1;0,20;-0,16;0,06;0,97;;-0,8723;-0,4002;-0,2811;0,3611;-0,8647;0,1819;-0,3299;0,0572;0,9924;;-0,28111;0,18190;0,99243;1,04739;-0,26840;0,17367;0,94752
0,227831602;0,213096869;-0,187768784;0,07605068;0,955797522;;1;0,21;-0,19;0,08;0,96;;-0,8387;-0,4359;-0,3266;0,3788;-0,8271;0,2255;-0,3914;0,0654;0,9884;;-0,32656;0,22551;0,98844;1,06514;-0,30659;0,21172;0,92799
0,229405403;0,216538683;-0,189626303;0,079520208;0,954373826;;1;0,22;-0,19;0,08;0,95;;-0,8344;-0,4434;-0,3275;0,3831;-0,8217;0,2338;-0,3963;0,0697;0,9874;;-0,32748;0,23385;0,98738;1,06623;-0,30714;0,21932;0,92605
0,230405092;0,217489591;-0,189103473;0,080568345;0,95417341;;1;0,22;-0,19;0,08;0,95;;-0,8339;-0,4456;-0,3258;0,3846;-0,8209;0,2361;-0,3959;0,0716;0,9871;;-0,32582;0,23608;0,98707;1,06592;-0,30567;0,22148;0,92602
0,231404781;0,217780932;-0,188776504;0,080903863;0,954143313;;1;0,22;-0,19;0,08;0,95;;-0,8338;-0,4462;-0,3250;0,3851;-0,8207;0,2366;-0,3955;0,0721;0,9868;;-0,32503;0,23661;0,98684;1,06559;-0,30502;0,22205;0,92610
0,232404947;0,217936781;-0,188549991;0,081087796;0,954136903;;1;0,22;-0,19;0,08;0,95;;-0,8339;-0,4464;-0,3244;0,3852;-0,8207;0,2369;-0,3950;0,0726;0,9867;;-0,32435;0,23690;0,98674;1,06536;-0,30445;0,22237;0,92621
0,233932734;0,230036658;-0,20246162;0,088768798;0,94774075;;2;0,23;-0,20;0,09;0,95;;-0,8121;-0,4719;-0,3430;0,4000;-0,7963;0,2615;-0,4247;0,0752;0,9842;;-0,34297;0,26146;0,98416;1,07450;-0,31919;0,24333;0,91592
0,23492074;0,232941643;-0,202212493;0,091349464;0,946838726;;1;0,23;-0,20;0,09;0,95;;-0,8096;-0,4779;-0,3404;0,4041;-0,7930;0,2671;-0,4254;0,0787;0,9832;;-0,34036;0,26707;0,98322;1,07420;-0,31685;0,24862;0,91531
0,235921621;0,233575541;-0,201778277;0,091990271;0,946713148;;1;0,23;-0,20;0,09;0,95;;-0,8094;-0,4794;-0,3391;0,4052;-0,7925;0,2685;-0,4251;0,0799;0,9831;;-0,33911;0,26847;0,98307;1,07401;-0,31574;0,24997;0,91533
0,237159252;0,233726059;-0,201613335;0,092155063;0,946695113;;1;0,23;-0,20;0,09;0,95;;-0,8095;-0,4797;-0,3386;0,4053;-0,7925;0,2688;-0,4248;0,0803;0,9830;;-0,33862;0,26880;0,98300;1,07387;-0,31532;0,25031;0,91538
0,238142252;0,233781926;-0,201533284;0,092220074;0,946692032;;1;0,23;-0,20;0,09;0,95;;-0,8095;-0,4798;-0,3384;0,4055;-0,7925;0,2688;-0,4246;0,0804;0,9830;;-0,33841;0,26879;0,98300;1,07381;-0,31515;0,25032;0,91544
0,239142656;0,263081845;-0,218874985;0,101985855;0,934066684;;1;0,26;-0,22;0,10;0,93;;-0,7658;-0,5362;-0,3553;0,4469;-0,7450;0,3057;-0,4626;0,0754;0,9793;;-0,35528;0,30574;0,97928;1,08567;-0,32724;0,28162;0,90200
0,240165234;0,268639298;-0,218240449;0,10537289;0,932255645;;1;0,27;-0,22;0,11;0,93;;-0,7605;-0,5468;-0,3502;0,4548;-0,7383;0,3137;-0,4635;0,0793;0,9778;;-0,35023;0,31375;0,97783;1,08501;-0,32279;0,28916;0,90122
0,241164446;0,269684859;-0,217617514;0,106207617;0,932004633;;1;0,27;-0,22;0,11;0,93;;-0,7598;-0,5489;-0,3483;0,4565;-0,7373;0,3153;-0,4629;0,0806;0,9774;;-0,34832;0,31533;0,97743;1,08450;-0,32118;0,29076;0,90128
0,242156744;0,269983873;-0,21725451;0,106518891;0,931967227;;1;0,27;-0,22;0,11;0,93;;-0,7598;-0,5496;-0,3475;0,4570;-0,7372;0,3159;-0,4626;0,0812;0,9774;;-0,34754;0,31586;0,97740;1,08437;-0,32050;0,29128;0,90135
0,243187904;0,270146452;-0,216990858;0,106714151;0,931959201;;1;0,27;-0,22;0,11;0,93;;-0,7600;-0,5498;-0,3468;0,4572;-0,7372;0,3161;-0,4621;0,0817;0,9773;;-0,34685;0,31611;0,97728;1,08412;-0,31994;0,29158;0,90145
0,244214058;0,260898258;-0,22209293;0,110747696;0,932921099;;1;0,26;-0,22;0,11;0,93;;-0,7652;-0,5360;-0,3566;0,4376;-0,7407;0,3224;-0,4722;0,0907;0,9754;;-0,35663;0,32244;0,97545;1,08749;-0,32794;0,29649;0,89697
0,245273113;0,259510692;-0,223031162;0,111101379;0,93304222;;1;0,26;-0,22;0,11;0,93;;-0,7658;-0,5338;-0,3585;0,4347;-0,7411;0,3230;-0,4738;0,0916;0,9752;;-0,35846;0,32305;0,97522;1,08807;-0,32944;0,29690;0,89628
0,246259212;0,25931056;-0,223181912;0,111130481;0,93305835;;1;0,26;-0,22;0,11;0,93;;-0,7660;-0,5335;-0,3589;0,4343;-0,7413;0,3231;-0,4742;0,0916;0,9754;;-0,35892;0,32309;0,97539;1,08839;-0,32977;0,29685;0,89618
0,24725914;0,259328323;-0,223125346;0,111188735;0,933060001;;1;0,26;-0,22;0,11;0,93;;-0,7660;-0,5335;-0,3587;0,4343;-0,7413;0,3232;-0,4740;0,0918;0,9753;;-0,35868;0,32322;0,97532;1,08829;-0,32958;0,29700;0,89620
0,248259068;0,259460911;-0,222893246;0,111355692;0,933058705;;1;0,26;-0,22;0,11;0,93;;-0,7661;-0,5339;-0,3582;0,4346;-0,7412;0,3236;-0,4738;0,0922;0,9753;;-0,35816;0,32358;0,97529;1,08820;-0,32913;0,29735;0,89624
0,249288321;0,252606878;-0,227504717;0,11525987;0,933352308;;1;0,25;-0,23;0,12;0,93;;-0,7690;-0,5240;-0,3664;0,4191;-0,7424;0,3302;-0,4829;0,1003;0,9735;;-0,36645;0,33018;0,97350;1,09133;-0,33578;0,30254;0,89203
0,250290394;0,251440804;-0,228544039;0,115481293;0,933385888;;1;0,25;-0,23;0,12;0,93;;-0,7692;-0,5221;-0,3685;0,4165;-0,7425;0,3305;-0,4846;0,1007;0,9733;;-0,36849;0,33051;0,97331;1,09195;-0,33746;0,30267;0,89135
0,251293182;0,251223531;-0,228787573;0,115437094;0,933390198;;1;0,25;-0,23;0,12;0,93;;-0,7691;-0,5217;-0,3691;0,4161;-0,7425;0,3304;-0,4851;0,1005;0,9734;;-0,36915;0,33038;0,97337;1,09218;-0,33799;0,30249;0,89121
0,252287149;0,251189184;-0,228829177;0,115424793;0,933390764;;1;0,25;-0,23;0,12;0,93;;-0,7691;-0,5217;-0,3691;0,4161;-0,7425;0,3304;-0,4851;0,1005;0,9734;;-0,36915;0,33038;0,97337;1,09218;-0,33799;0,30249;0,89121
0,253806114;0,251079892;-0,229013075;0,115297617;0,933390786;;2;0,25;-0,23;0,12;0,93;;-0,7690;-0,5216;-0,3696;0,4159;-0,7424;0,3302;-0,4854;0,1002;0,9734;;-0,36959;0,33025;0,97343;1,09235;-0,33835;0,30233;0,89113
0,25583744;0,268754071;-0,251950032;0,131709095;0,920296227;;2;0,27;-0,25;0,13;0,92;;-0,7285;-0,5611;-0,3930;0,4284;-0,6938;0,3779;-0,5346;0,1069;0,9654;;-0,39303;0,37788;0,96536;1,10869;-0,35450;0,34084;0,87072
0,256834984;0,272223645;-0,252951022;0,135258424;0,918485289;;1;0,27;-0,25;0,14;0,92;;-0,7238;-0,5685;-0,3911;0,4316;-0,6872;0,3863;-0,5384;0,1108;0,9634;;-0,39110;0,38628;0,96344;1,10923;-0,35259;0,34824;0,86857
0,257834196;0,272781451;-0,252910831;0,135847156;0,918243945;;1;0,27;-0,25;0,14;0,92;;-0,7232;-0,5697;-0,3903;0,4323;-0,6863;0,3874;-0,5385;0,1114;0,9630;;-0,39033;0,38737;0,96303;1,10898;-0,35198;0,34930;0,86839
0,258834362;0,272815068;-0,252978831;0,135876421;0,918210895;;1;0,27;-0,25;0,14;0,92;;-0,7231;-0,5697;-0,3905;0,4322;-0,6862;0,3876;-0,5388;0,1115;0,9631;;-0,39046;0,38760;0,96305;1,10913;-0,35204;0,34947;0,86830
0,259864092;0,272760336;-0,253094419;0,135808792;0,918205307;;1;0,27;-0,25;0,14;0,92;;-0,7231;-0,5697;-0,3907;0,4322;-0,6862;0,3875;-0,5389;0,1113;0,9631;;-0,39070;0,38747;0,96313;1,10923;-0,35223;0,34932;0,86828
0,260755539;0,252220638;-0,24527864;0,131461636;0,926790687;;1;0,25;-0,25;0,13;0,93;;-0,7525;-0,5320;-0,3884;0,4030;-0,7179;0,3675;-0,5210;0,1200;0,9654;;-0,38836;0,36748;0,96544;1,10360;-0,35190;0,33298;0,87481
0,26175642;0,248387115;-0,246073641;0,12961088;0,927875328;;1;0,25;-0,25;0,13;0,93;;-0,7555;-0,5248;-0,3923;0,3972;-0,7219;0,3628;-0,5211;0,1182;0,9665;;-0,39233;0,36277;0,96647;1,10435;-0,35526;0,32850;0,87515
0,262755394;0,247610204;-0,246630603;0,129054404;0,928012658;;1;0,25;-0,25;0,13;0,93;;-0,7557;-0,5232;-0,3938;0,3959;-0,7224;0,3617;-0,5216;0,1175;0,9666;;-0,39376;0,36173;0,96663;1,10466;-0,35645;0,32745;0,87505
0,26375556;0,24742906;-0,246837088;0,128889581;0,92802898;;1;0,25;-0,25;0,13;0,93;;-0,7557;-0,5228;-0,3943;0,3955;-0,7225;0,3614;-0,5218;0,1171;0,9667;;-0,39428;0,36136;0,96669;1,10477;-0,35689;0,32709;0,87501
0,264756441;0,247364964;-0,246932808;0,128820892;0,92803014;;1;0,25;-0,25;0,13;0,93;;-0,7556;-0,5228;-0,3945;0,3956;-0,7224;0,3612;-0,5220;0,1169;0,9668;;-0,39452;0,36122;0,96676;1,10488;-0,35707;0,32693;0,87500
0,266281366;0,254054908;-0,254661213;0,134596782;0,923302484;;1;0,25;-0,25;0,13;0,92;;-0,7412;-0,5378;-0,4019;0,4007;-0,7049;0,3780;-0,5387;0,1191;0,9638;;-0,40193;0,37799;0,96380;1,11056;-0,36191;0,34036;0,86786
0,267281055;0,255477602;-0,254762814;0,135991235;0,922677347;;1;0,26;-0,25;0,14;0,92;;-0,7397;-0,5408;-0,4007;0,4022;-0,7027;0,3812;-0,5397;0,1208;0,9631;;-0,40071;0,38118;0,96308;1,11058;-0,36081;0,34322;0,86719
0,268251181;0,25585161;-0,254455094;0,136393548;0,922599241;;1;0,26;-0,25;0,14;0,92;;-0,7395;-0,5416;-0,3998;0,4028;-0,7023;0,3819;-0,5394;0,1214;0,9628;;-0,39979;0,38194;0,96284;1,11030;-0,36008;0,34399;0,86719
0,269250631;0,255902317;-0,254412613;0,136448176;0,922588815;;1;0,26;-0,25;0,14;0,92;;-0,7396;-0,5416;-0,3996;0,4028;-0,7024;0,3819;-0,5392;0,1215;0,9628;;-0,39961;0,38189;0,96279;1,11018;-0,35995;0,34399;0,86724
0,270279884;0,255862486;-0,254488153;0,136400767;0,922586039;;1;0,26;-0,25;0,14;0,92;;-0,7395;-0,5416;-0,3998;0,4028;-0,7023;0,3819;-0,5394;0,1214;0,9628;;-0,39979;0,38194;0,96284;1,11030;-0,36008;0,34399;0,86719
0,271829605;0,2437527;-0,255737404;0,139656914;0,925029161;;2;0,24;-0,26;0,14;0,93;;-0,7503;-0,5225;-0,4049;0,3796;-0,7113;0,3831;-0,5412;0,1338;0,9609;;-0,40493;0,38312;0,96093;1,11092;-0,36450;0,34487;0,86499
0,272850752;0,241576437;-0,256847402;0,139453911;0,925323102;;1;0,24;-0,26;0,14;0,93;;-0,7513;-0,5188;-0,4078;0,3755;-0,7124;0,3822;-0,5426;0,1341;0,9610;;-0,40783;0,38224;0,96104;1,11177;-0,36683;0,34382;0,86442
0,273821115;0,241040265;-0,257412458;0,139146357;0,925352208;;1;0,24;-0,26;0,14;0,93;;-0,7514;-0,5177;-0,4093;0,3744;-0,7127;0,3815;-0,5434;0,1334;0,9614;;-0,40935;0,38151;0,96135;1,11235;-0,36801;0,34298;0,86426
0,274821043;0,240767328;-0,257829842;0,138875222;0,925347794;;1;0,24;-0,26;0,14;0,93;;-0,7510;-0,5172;-0,4102;0,3740;-0,7124;0,3812;-0,5440;0,1329;0,9613;;-0,41019;0,38120;0,96133;1,11253;-0,36870;0,34265;0,86409
0,27585125;0,240660305;-0,25800539;0,138758378;0,925344233;;1;0,24;-0,26;0,14;0,93;;-0,7509;-0,5171;-0,4106;0,3738;-0,7124;0,3811;-0,5443;0,1327;0,9614;;-0,41064;0,38106;0,96142;1,11272;-0,36904;0,34246;0,86402
0,277399302;0,247926086;-0,267772009;0,146839442;0,919385113;;1;0,25;-0,27;0,15;0,92;;-0,7337;-0,5345;-0,4196;0,3772;-0,6906;0,4027;-0,5652;0,1372;0,9569;;-0,41965;0,40271;0,95692;1,11981;-0,37475;0,35962;0,85454
0,278385401;0,249424909;-0,268145826;0,148525327;0,918599618;;1;0,25;-0,27;0,15;0,92;;-0,7318;-0,5378;-0,4185;0,3786;-0,6877;0,4066;-0,5666;0,1391;0,9559;;-0,41848;0,40655;0,95585;1,11985;-0,37369;0,36304;0,85355
0,279386044;0,249690404;-0,268081514;0,148825232;0,918497716;;1;0,25;-0,27;0,15;0,92;;-0,7316;-0,5385;-0,4182;0,3789;-0,6873;0,4072;-0,5668;0,1395;0,9557;;-0,41819;0,40723;0,95573;1,11988;-0,37342;0,36364;0,85342
0,280385733;0,249794519;-0,267953681;0,148943789;0,918487491;;1;0,25;-0,27;0,15;0,92;;-0,7316;-0,5387;-0,4179;0,3791;-0,6872;0,4074;-0,5667;0,1396;0,9557;;-0,41793;0,40742;0,95570;1,11982;-0,37321;0,36383;0,85343
0,281385422;0,249723889;-0,268083365;0,148862967;0,918481957;;1;0,25;-0,27;0,15;0,92;;-0,7316;-0,5385;-0,4181;0,3789;-0,6872;0,4074;-0,5669;0,1396;0,9557;;-0,41814;0,40742;0,95570;1,11991;-0,37337;0,36380;0,85337
0,282414436;0,240142614;-0,271144421;0,154668847;0,919178859;;1;0,24;-0,27;0,15;0,92;;-0,7377;-0,5253;-0,4241;0,3575;-0,6899;0,4146;-0,5727;0,1542;0,9521;;-0,42410;0,41458;0,95214;1,12175;-0,37807;0,36959;0,84880
0,283942461;0,238508736;-0,272151541;0,155049703;0,919242466;;2;0,24;-0,27;0,16;0,92;;-0,7380;-0,5228;-0,4265;0,3541;-0,6899;0,4148;-0,5743;0,1551;0,9519;;-0,42648;0,41479;0,95188;1,12250;-0,37994;0,36952;0,84800
0,284460783;0,238164488;-0,272500859;0,154960082;0,919243347;;0;0,24;-0,27;0,16;0,92;;-0,7380;-0,5224;-0,4271;0,3534;-0,6899;0,4148;-0,5748;0,1551;0,9519;;-0,42712;0,41477;0,95190;1,12276;-0,38042;0,36942;0,84782
0,285460949;0,237977434;-0,272788107;0,154790819;0,919235112;;1;0,24;-0,27;0,15;0,92;;-0,7378;-0,5220;-0,4278;0,3531;-0,6899;0,4144;-0,5752;0,1547;0,9520;;-0,42783;0,41444;0,95203;1,12301;-0,38097;0,36904;0,84775
0,286983252;0,23787447;-0,272959422;0,154681277;0,919229347;;2;0,24;-0,27;0,15;0,92;;-0,7377;-0,5218;-0,4283;0,3529;-0,6899;0,4143;-0,5755;0,1545;0,9521;;-0,42828;0,41429;0,95212;1,12321;-0,38130;0,36885;0,84768
0,287983418;0,258634973;-0,285125128;0,162641439;0,908492914;;1;0,26;-0,29;0,16;0,91;;-0,7037;-0,5626;-0,4339;0,3772;-0,6508;0,4429;-0,6021;0,1480;0,9471;;-0,43393;0,44290;0,94709;1,13200;-0,38333;0,39125;0,83665
0,289009571;0,2626364;-0,284501993;0,165115525;0,907092939;;1;0,26;-0,28;0,17;0,91;;-0,7002;-0,5704;-0,4294;0,3825;-0,6457;0,4489;-0,6029;0,1501;0,9455;;-0,42943;0,44894;0,94547;1,13132;-0,37958;0,39683;0,83573
0,289988756;0,263346382;-0,284099727;0,165647453;0,906916176;;1;0,26;-0,28;0,17;0,91;;-0,6999;-0,5717;-0,4281;0,3835;-0,6450;0,4500;-0,6025;0,1508;0,9451;;-0,42810;0,44997;0,94508;1,13090;-0,37855;0,39789;0,83570
0,290988922;0,263436405;-0,284054439;0,165713065;0,90689223;;1;0,26;-0,28;0,17;0,91;;-0,6998;-0,5719;-0,4280;0,3836;-0,6449;0,4502;-0,6026;0,1509;0,9451;;-0,42801;0,45021;0,94510;1,13097;-0,37844;0,39807;0,83565
0,291984558;0,263428271;-0,284084596;0,165698808;0,906887751;;1;0,26;-0,28;0,17;0,91;;-0,6998;-0,5719;-0,4280;0,3836;-0,6449;0,4502;-0,6026;0,1509;0,9451;;-0,42801;0,45021;0,94510;1,13097;-0,37844;0,39807;0,83565
0,292976379;0,264549137;-0,286683688;0,1683484;0,905254126;;1;0,26;-0,29;0,17;0,91;;-0,6957;-0,5754;-0,4301;0,3824;-0,6391;0,4564;-0,6081;0,1531;0,9434;;-0,43007;0,45639;0,94340;1,13281;-0,37965;0,40288;0,83280
0,293976784;0,264735885;-0,286962667;0,168744594;0,905037348;;1;0,26;-0,29;0,17;0,91;;-0,6950;-0,5759;-0,4302;0,3823;-0,6381;0,4573;-0,6088;0,1534;0,9430;;-0,43016;0,45728;0,94300;1,13287;-0,37971;0,40365;0,83240
0,295004368;0,264817533;-0,286897549;0,168862134;0,905012182;;1;0,26;-0,29;0,17;0,91;;-0,6951;-0,5762;-0,4298;0,3824;-0,6381;0,4577;-0,6087;0,1538;0,9429;;-0,42984;0,45765;0,94293;1,13284;-0,37944;0,40399;0,83236
0,296004772;0,264840462;-0,286867147;0,168891538;0,905009623;;1;0,26;-0,29;0,17;0,91;;-0,6951;-0,5762;-0,4298;0,3824;-0,6381;0,4577;-0,6087;0,1538;0,9429;;-0,42984;0,45765;0,94293;1,13284;-0,37944;0,40399;0,83236
0,297538757;0,264852718;-0,286846496;0,168905944;0,905009894;;2;0,26;-0,29;0,17;0,91;;-0,6951;-0,5764;-0,4296;0,3826;-0,6381;0,4577;-0,6086;0,1538;0,9429;;-0,42962;0,45766;0,94292;1,13275;-0,37927;0,40402;0,83242
0,298539162;0,271735415;-0,295481621;0,177645384;0,898494626;;1;0,27;-0,30;0,18;0,90;;-0,6777;-0,5932;-0,4345;0,3833;-0,6146;0,4797;-0,6275;0,1586;0,9369;;-0,43451;0,47972;0,93690;1,13873;-0,38157;0,42128;0,82276
0,300247908;0,273434517;-0,29518223;0,179703044;0,897667996;;1;0,27;-0,30;0,18;0,90;;-0,6763;-0,5970;-0,4317;0,3848;-0,6117;0,4840;-0,6283;0,1612;0,9355;;-0,43174;0,48405;0,93546;1,13833;-0,37928;0,42523;0,82179
0,301239014;0,273754611;-0,294969156;0,180084041;0,897564119;;1;0,27;-0,30;0,18;0,90;;-0,6761;-0,5978;-0,4310;0,3853;-0,6113;0,4849;-0,6282;0,1618;0,9352;;-0,43096;0,48486;0,93524;1,13820;-0,37864;0,42599;0,82169
0,302239656;0,273813288;-0,294911243;0,180153071;0,897551398;;1;0,27;-0,29;0,18;0,90;;-0,6762;-0,5978;-0,4307;0,3852;-0,6113;0,4850;-0,6281;0,1620;0,9351;;-0,43073;0,48498;0,93515;1,13808;-0,37847;0,42614;0,82169
0,303260088;0,273822607;-0,294900768;0,180163979;0,897549808;;1;0,27;-0,29;0,18;0,90;;-0,6760;-0,5978;-0,4307;0,3852;-0,6111;0,4849;-0,6280;0,1620;0,9350;;-0,43067;0,48495;0,93497;1,13790;-0,37848;0,42618;0,82166
0,304770947;0,295653987;-0,306022368;0,18874248;0,885051019;;2;0,30;-0,31;0,19;0,89;;-0,6379;-0,6389;-0,4301;0,4080;-0,5667;0,5150;-0,6533;0,1531;0,9289;;-0,43008;0,51501;0,92887;1,14586;-0,37534;0,44945;0,81063
0,305770397;0,299795701;-0,305057225;0,191334515;0,883432923;;1;0,30;-0,31;0,19;0,88;;-0,6340;-0,6464;-0,4243;0,4130;-0,5608;0,5209;-0,6538;0,1551;0,9268;;-0,42435;0,52093;0,92677;1,14470;-0,37071;0,45508;0,80962
0,306770086;0,300488659;-0,304650423;0,191845669;0,883226995;;1;0,30;-0,30;0,19;0,88;;-0,6337;-0,6477;-0,4230;0,4139;-0,5601;0,5219;-0,6535;0,1557;0,9264;;-0,42295;0,52192;0,92640;1,14433;-0,36960;0,45609;0,80955
0,307770014;0,300554035;-0,304649035;0,191882156;0,883197303;;1;0,30;-0,30;0,19;0,88;;-0,6337;-0,6479;-0,4227;0,4141;-0,5601;0,5221;-0,6534;0,1558;0,9264;;-0,42268;0,52210;0,92636;1,14428;-0,36938;0,45627;0,80955
0,309430838;0,300495729;-0,304779945;0,19180849;0,883187978;;1;0,30;-0,30;0,19;0,88;;-0,6336;-0,6477;-0,4231;0,4139;-0,5601;0,5220;-0,6537;0,1556;0,9265;;-0,42313;0,52198;0,92646;1,14448;-0,36971;0,45609;0,80950
0,310426712;0,31275881;-0,318099764;0,206805906;0,870761611;;1;0,31;-0,32;0,21;0,87;;-0,6020;-0,6763;-0,4246;0,4132;-0,5165;0,5592;-0,6834;0,1612;0,9146;;-0,42463;0,55917;0,91456;1,15299;-0,36828;0,48497;0,79320
0,311441422;0,315276321;-0,318039936;0,209847755;0,86914634;;1;0,32;-0,32;0,21;0,87;;-0,5988;-0,6815;-0,4204;0,4146;-0,5108;0,5652;-0,6850;0,1641;0,9119;;-0,42045;0,56521;0,91186;1,15227;-0,36489;0,49052;0,79136
0,312441826;0,315831834;-0,317583039;0,210511196;0,868951266;;1;0,32;-0,32;0,21;0,87;;-0,5989;-0,6826;-0,4190;0,4152;-0,5103;0,5664;-0,6849;0,1653;0,9115;;-0,41904;0,56645;0,91145;1,15204;-0,36374;0,49169;0,79116
0,313441277;0,316119584;-0,317087037;0,210850152;0,868945587;;1;0,32;-0,32;0,21;0,87;;-0,5990;-0,6831;-0,4177;0,4156;-0,5100;0,5670;-0,6844;0,1660;0,9110;;-0,41773;0,56697;0,91098;1,15145;-0,36278;0,49240;0,79116
0,315104246;0,316332927;-0,316664373;0,211100507;0,868961294;;2;0,32;-0,32;0,21;0,87;;-0,5994;-0,6834;-0,4169;0,4160;-0,5103;0,5672;-0,6840;0,1665;0,9109;;-0,41688;0,56724;0,91094;1,15124;-0,36211;0,49272;0,79127
0,316129923;0,297813663;-0,313084945;0,21163721;0,876638198;;1;0,30;-0,31;0,21;0,88;;-0,6265;-0,6546;-0,4229;0,3896;-0,5369;0,5575;-0,6750;0,1845;0,9104;;-0,42290;0,55746;0,91037;1,14821;-0,36831;0,48550;0,79286
0,317685843;0,294488769;-0,314242145;0,210748951;0,877560892;;2;0,29;-0,31;0,21;0,88;;-0,6291;-0,6493;-0,4274;0,3845;-0,5403;0,5549;-0,6756;0,1848;0,9112;;-0,42738;0,55488;0,91124;1,14931;-0,37186;0,48280;0,79286
0,318685293;0,293907145;-0,314662895;0,210475392;0,877670759;;1;0,29;-0,31;0,21;0,88;;-0,6293;-0,6484;-0,4287;0,3834;-0,5406;0,5545;-0,6762;0,1845;0,9115;;-0,42869;0,55449;0,91146;1,14978;-0,37285;0,48226;0,79272
0,319684982;0,29381721;-0,314742908;0,210425014;0,877684261;;1;0,29;-0,31;0,21;0,88;;-0,6293;-0,6482;-0,4288;0,3833;-0,5407;0,5543;-0,6761;0,1844;0,9114;;-0,42879;0,55425;0,91144;1,14969;-0,37296;0,48209;0,79277
0,321406364;0,293917966;-0,314534116;0,210545671;0,877696439;;1;0,29;-0,31;0,21;0,88;;-0,6294;-0,6483;-0,4283;0,3835;-0,5408;0,5544;-0,6758;0,1846;0,9113;;-0,42834;0,55437;0,91133;1,14949;-0,37263;0,48228;0,79281
0,32242918;0,319502219;-0,327923546;0,22342886;0,860502193;;1;0,32;-0,33;0,22;0,86;;-0,5808;-0,6964;-0,4216;0,4034;-0,4810;0,5940;-0,7071;0,1749;0,9002;;-0,42156;0,59400;0,90015;1,15794;-0,36406;0,51298;0,77737
0,323987007;0,324318138;-0,326692992;0,226792031;0,858285972;;2;0,32;-0,33;0,23;0,86;;-0,5762;-0,7049;-0,4137;0,4085;-0,4733;0,6012;-0,7079;0,1774;0,8971;;-0,41371;0,60122;0,89714;1,15650;-0,35773;0,51986;0,77574
0,324987411;0,325143445;-0,326140849;0,227454581;0,858008333;;1;0,33;-0,33;0,23;0,86;;-0,5759;-0,7062;-0,4117;0,4095;-0,4724;0,6024;-0,7075;0,1784;0,8964;;-0,41167;0,60242;0,89644;1,15585;-0,35616;0,52119;0,77557
0,326501369;0,325273461;-0,326025397;0,227566169;0,857973342;;2;0,33;-0,33;0,23;0,86;;-0,5759;-0,7066;-0,4113;0,4098;-0,4723;0,6027;-0,7075;0,1785;0,8965;;-0,41134;0,60266;0,89646;1,15587;-0,35587;0,52139;0,77557
0,327529669;0,325289005;-0,326013768;0,227578958;0,857968475;;1;0,33;-0,33;0,23;0,86;;-0,5759;-0,7066;-0,4113;0,4098;-0,4723;0,6027;-0,7075;0,1785;0,8965;;-0,41134;0,60266;0,89646;1,15587;-0,35587;0,52139;0,77557
0,329529762;0,307231352;-0,322132773;0,227333899;0,866117008;;2;0,31;-0,32;0,23;0,87;;-0,6037;-0,6786;-0,4183;0,3857;-0,5003;0,5916;-0,6976;0,1958;0,8966;;-0,41829;0,59163;0,89658;1,15276;-0,36286;0,51323;0,77777
0,330532312;0,303925896;-0,323376555;0,226299609;0,867090042;;1;0,30;-0,32;0,23;0,87;;-0,6061;-0,6734;-0,4233;0,3807;-0,5037;0,5890;-0,6984;0,1959;0,8976;;-0,42330;0,58901;0,89759;1,15403;-0,36680;0,51040;0,77779
0,331533194;0,303339403;-0,323830602;0,225999112;0,86720433;;1;0,30;-0,32;0,23;0,87;;-0,6063;-0,6724;-0,4245;0,3797;-0,5041;0,5884;-0,6987;0,1956;0,8978;;-0,42451;0,58839;0,89780;1,15432;-0,36776;0,50973;0,77777
0,333045483;0,303227251;-0,323958739;0,225921004;0,867216046;;1;0,30;-0,32;0,23;0,87;;-0,6062;-0,6723;-0,4250;0,3795;-0,5041;0,5883;-0,6989;0,1953;0,8979;;-0,42496;0,58827;0,89791;1,15451;-0,36809;0,50954;0,77774
0,334074736;0,303200778;-0,323998805;0,225897664;0,867216414;;1;0,30;-0,32;0,23;0,87;;-0,6062;-0,6723;-0,4250;0,3795;-0,5041;0,5883;-0,6989;0,1953;0,8979;;-0,42496;0,58827;0,89791;1,15451;-0,36809;0,50954;0,77774
0,336074114;0,558953413;0,671075309;-0,27451753;0,402329638;;2;0,56;0,67;-0,27;0,40;;0,5257;-0,8182;0,2331;0,0813;0,6764;-0,9712;0,8469;0,5294;0,8494;;0,23308;-0,97115;0,84935;1,31105;0,17778;-0,74074;0,64784
0,338075161;0,533219526;0,731061915;-0,303412935;0,298606771;;2;0,53;0,73;-0,30;0,30;;0,6376;-0,7621;0,1131;-0,1252;0,8217;-0,9608;0,7602;0,5985;0,8159;;0,11307;-0,96084;0,81592;1,26559;0,08934;-0,75920;0,64470
0,339074373;0,530650871;0,737608276;-0,302315433;0,288008791;;1;0,53;0,74;-0,30;0,29;;0,6514;-0,7516;0,1040;-0,1403;0,8341;-0,9570;0,7457;0,6088;0,8173;;0,10400;-0,95701;0,81725;1,26277;0,08236;-0,75787;0,64719
0,341103554;0,531275756;0,738663673;-0,298168108;0,288475005;;2;0,53;0,74;-0,30;0,29;;0,6558;-0,7471;0,1094;-0,1340;0,8336;-0,9570;0,7431;0,6129;0,8223;;0,10936;-0,95700;0,82227;1,26647;0,08635;-0,75565;0,64926
0,343104362;0,414438559;-0,200824661;0,204715497;0,8637139;;2;0,41;-0,20;0,20;0,86;;-0,5758;-0,7980;-0,1772;0,6336;-0,4920;0,5200;-0,5165;0,1872;0,9161;;-0,17721;0,52002;0,91612;1,06823;-0,16589;0,48681;0,85761
0,345104218;0,351987882;-0,309407387;0,249476015;0,847427471;;2;0,35;-0,31;0,25;0,85;;-0,5607;-0,7510;-0,3487;0,4422;-0,4362;0,6407;-0,7000;0,2050;0,8755;;-0,34872;0,64067;0,87547;1,13952;-0,30603;0,56223;0,76828
0,346104622;0,340570018;-0,329787369;0,250428692;0,844119556;;1;0,34;-0,33;0,25;0,84;;-0,5504;-0,7402;-0,3862;0,4098;-0,4250;0,6474;-0,7273;0,1981;0,8746;;-0,38620;0,64739;0,87458;1,15462;-0,33448;0,56069;0,75746
0,347810745;0,338066425;-0,334598777;0,249415412;0,843532278;;2;0,34;-0,33;0,25;0,84;;-0,5474;-0,7373;-0,3958;0,4035;-0,4230;0,6470;-0,7331;0,1945;0,8756;;-0,39583;0,64699;0,87556;1,15840;-0,34170;0,55852;0,75584
0,348810673;0,33732144;-0,336129145;0,24880682;0,843401808;;1;0,34;-0,34;0,25;0,84;;-0,5465;-0,7362;-0,3991;0,4017;-0,4227;0,6464;-0,7348;0,1929;0,8762;;-0,39909;0,64641;0,87616;1,15964;-0,34415;0,55742;0,75554
0,350422621;0,336971919;-0,336874569;0,248437291;0,843353048;;1;0,34;-0,34;0,25;0,84;;-0,5460;-0,7358;-0,4009;0,4011;-0,4226;0,6461;-0,7357;0,1919;0,8767;;-0,40086;0,64607;0,87669;1,16047;-0,34543;0,55673;0,75546
0,35141921;0,581081425;0,645012734;-0,280584912;0,409359325;;1;0,58;0,65;-0,28;0,41;;0,5074;-0,8378;0,2020;0,1138;0,6648;-0,9794;0,8542;0,5199;0,8426;;0,20201;-0,97937;0,84257;1,30764;0,15449;-0,74896;0,64435
0,352419615;0,55495085;0,708571598;-0,301294471;0,314924573;;1;0,56;0,71;-0,30;0,31;;0,6202;-0,7765;0,1118;-0,0775;0,8018;-0,9763;0,7807;0,5968;0,8185;;0,11183;-0,97630;0,81852;1,27893;0,08744;-0,76338;0,64001
0,353419065;0,550939307;0,71520259;-0,305500423;0,302688993;;1;0,55;0,72;-0,31;0,30;;0,6300;-0,7705;0,0964;-0,1035;0,8167;-0,9730;0,7696;0,6031;0,8133;;0,09638;-0,97296;0,81330;1,27177;0,07579;-0,76504;0,63950
0,354418516;0,550623723;0,716131446;-0,305044496;0,301524666;;1;0,55;0,72;-0,31;0,30;;0,6320;-0,7688;0,0959;-0,1048;0,8181;-0,9725;0,7677;0,6047;0,8138;;0,09594;-0,97248;0,81384;1,27172;0,07544;-0,76470;0,63995
0,355444908;0,550782351;0,71631739;-0,304069105;0,301778359;;1;0,55;0,72;-0,30;0,30;;0,6329;-0,7681;0,0974;-0,1032;0,8179;-0,9726;0,7674;0,6055;0,8151;;0,09736;-0,97263;0,81507;1,27273;0,07650;-0,76421;0,64041
0,356448174;0,408767208;-0,206498567;0,22909736;0,858942438;;1;0,41;-0,21;0,23;0,86;;-0,5804;-0,7969;-0,1674;0,6076;-0,4755;0,5624;-0,5420;0,2247;0,8950;;-0,16741;0,56238;0,89498;1,07018;-0,15643;0,52550;0,83629
0,357456923;0,341853983;-0,316818361;0,273624883;0,841362825;;1;0,34;-0,32;0,27;0,84;;-0,5656;-0,7487;-0,3460;0,4020;-0,4158;0,6770;-0,7202;0,2438;0,8504;;-0,34602;0,67704;0,85035;1,14071;-0,30334;0,59353;0,74546
0,358944178;0,328989257;-0,339194774;0,273812619;0,837699005;;2;0,33;-0,34;0,27;0,84;;-0,5534;-0,7370;-0,3881;0,3655;-0,4035;0,6819;-0,7485;0,2355;0,8501;;-0,38814;0,68192;0,85007;1,15684;-0,33551;0,58946;0,73482
0,359944582;0,326007545;-0,34483816;0,272451129;0,837004245;;1;0,33;-0,34;0,27;0,84;;-0,5497;-0,7336;-0,3995;0,3578;-0,4011;0,6810;-0,7549;0,2314;0,8515;;-0,39953;0,68097;0,85148;1,16119;-0,34407;0,58645;0,73328
0,360944271;0,325082067;-0,346711938;0,271695185;0,836835831;;1;0,33;-0,35;0,27;0,84;;-0,5482;-0,7325;-0,4036;0,3557;-0,4005;0,6801;-0,7569;0,2293;0,8523;;-0,40358;0,68014;0,85230;1,16271;-0,34710;0,58496;0,73303
0,362756968;0,437942948;-0,04272844;0,399744413;0,804104881;;2;0,44;-0,04;0,40;0,80;;-0,6128;-0,7384;0,2814;0,6701;-0,2932;0,6802;-0,4187;0,6054;0,6804;;0,28139;0,68019;0,68040;1,00239;0,28072;0,67857;0,67878
0,363758564;0,568488915;0,689377206;-0,308507321;0,326194198;;1;0,57;0,69;-0,31;0,33;;0,5969;-0,7962;0,0990;-0,0545;0,7872;-0,9851;0,8005;0,5826;0,8097;;0,09900;-0,98511;0,80970;1,27901;0,07740;-0,77022;0,63307
0,364759684;0,563598707;0,696860741;-0,315992906;0,311271728;;1;0,56;0,70;-0,32;0,31;;0,6066;-0,7913;0,0777;-0,0895;0,8063;-0,9823;0,7901;0,5888;0,8004;;0,07769;-0,98229;0,80037;1,26945;0,06120;-0,77379;0,63048
0,365760088;0,563266736;0,697822518;-0,315664611;0,310048658;;1;0,56;0,70;-0,32;0,31;;0,6085;-0,7898;0,0770;-0,0913;0,8078;-0,9819;0,7883;0,5904;0,8007;;0,07697;-0,98188;0,80067;1,26928;0,06064;-0,77357;0,63080
0,366759539;0,563474251;0,698054131;-0,314421744;0,310412896;;1;0,56;0,70;-0,31;0,31;;0,6097;-0,7888;0,0791;-0,0891;0,8074;-0,9819;0,7877;0,5916;0,8024;;0,07905;-0,98194;0,80238;1,27054;0,06222;-0,77285;0,63153
0,36779356;0,56373426;0,698181839;-0,313140252;0,310948527;;1;0,56;0,70;-0,31;0,31;;0,6106;-0,7877;0,0812;-0,0867;0,8066;-0,9818;0,7871;0,5925;0,8039;;0,08115;-0,98184;0,80387;1,27153;0,06382;-0,77217;0,63220
0,368794918;0,567142842;0,692554042;-0,316089319;0,314333323;;1;0,57;0,69;-0,32;0,31;;0,6026;-0,7943;0,0768;-0,0814;0,8024;-0,9842;0,7939;0,5868;0,8002;;0,07685;-0,98425;0,80016;1,27079;0,06047;-0,77452;0,62966
0,369794846;0,567878866;0,691928442;-0,315089681;0,315384081;;1;0,57;0,69;-0,32;0,32;;0,6025;-0,7943;0,0786;-0,0778;0,8010;-0,9846;0,7943;0,5871;0,8014;;0,07856;-0,98463;0,80143;1,27198;0,06176;-0,77409;0,63006
0,37079525;0,568059555;0,691882124;-0,314549347;0,315699504;;1;0,57;0,69;-0,31;0,32;;0,6029;-0,7939;0,0795;-0,0765;0,8007;-0,9847;0,7942;0,5876;0,8022;;0,07953;-0,98471;0,80222;1,27261;0,06249;-0,77377;0,63037
0,371794939;0,568132833;0,69189801;-0,314234821;0,315846016;;1;0,57;0,69;-0,31;0,32;;0,6030;-0,7936;0,0800;-0,0760;0,8005;-0,9846;0,7940;0,5877;0,8025;;0,08001;-0,98459;0,80247;1,27270;0,06287;-0,77362;0,63053
0,373308897;0,56817758;0,691915803;-0,314020317;0,315939867;;1;0,57;0,69;-0,31;0,32;;0,6032;-0,7935;0,0803;-0,0755;0,8004;-0,9847;0,7940;0,5879;0,8028;;0,08031;-0,98466;0,80277;1,27297;0,06309;-0,77351;0,63063
0,375192642;0,576411646;0,682651893;-0,317852929;0,317341335;;2;0,58;0,68;-0,32;0,32;;0,5966;-0,7998;0,0668;-0,0683;0,7987;-0,9888;0,7997;0,5853;0,7979;;0,06677;-0,98876;0,79794;1,27232;0,05248;-0,77713;0,62715
0,376193762;0,577529198;0,681419399;-0,318229998;0,317580377;;1;0,58;0,68;-0,32;0,32;;0,5957;-0,8005;0,0653;-0,0668;0,7982;-0,9891;0,8003;0,5849;0,7974;;0,06530;-0,98914;0,79743;1,27222;0,05133;-0,77749;0,62680
0,377193213;0,577712023;0,681272406;-0,318106914;0,31768651;;1;0,58;0,68;-0,32;0,32;;0,5958;-0,8005;0,0654;-0,0664;0,7982;-0,9893;0,8004;0,5851;0,7977;;0,06537;-0,98929;0,79765;1,27249;0,05137;-0,77745;0,62684
0,378192902;0,577760243;0,68126523;-0,317968184;0,317753083;;1;0,58;0,68;-0,32;0,32;;0,5959;-0,8006;0,0656;-0,0661;0,7981;-0,9894;0,8005;0,5852;0,7979;;0,06555;-0,98943;0,79790;1,27276;0,05151;-0,77739;0,62690
0,380191565;0,577783632;0,681273122;-0,317862594;0,317799275;;2;0,58;0,68;-0,32;0,32;;0,5960;-0,8004;0,0657;-0,0659;0,7981;-0,9894;0,8004;0,5853;0,7980;;0,06567;-0,98937;0,79796;1,27275;0,05160;-0,77734;0,62696
0,382069826;0,579959565;0,674584276;-0,322918479;0,322965344;;2;0,58;0,67;-0,32;0,32;;0,5829;-0,8103;0,0612;-0,0610;0,7914;-0,9911;0,8104;0,5739;0,7915;;0,06123;-0,99113;0,79155;1,26990;0,04821;-0,78048;0,62332
0,383069754;0,58040766;0,673778159;-0,32275338;0,324006476;;1;0,58;0,67;-0,32;0,32;;0,5817;-0,8111;0,0619;-0,0589;0,7901;-0,9913;0,8113;0,5730;0,7916;;0,06192;-0,99132;0,79165;1,27014;0,04875;-0,78048;0,62328
0,384069681;0,580510827;0,673695256;-0,322505869;0,324240415;;1;0,58;0,67;-0,32;0,32;;0,5817;-0,8109;0,0624;-0,0581;0,7898;-0,9913;0,8112;0,5731;0,7920;;0,06240;-0,99127;0,79195;1,27032;0,04913;-0,78034;0,62343
0,385070324;0,58055504;0,673701478;-0,322314821;0,324338281;;1;0,58;0,67;-0,32;0,32;;0,5819;-0,8108;0,0627;-0,0577;0,7897;-0,9913;0,8112;0,5733;0,7923;;0,06271;-0,99134;0,79226;1,27058;0,04935;-0,78023;0,62354
0,387069702;0,580564509;0,673704333;-0,322270785;0,324359159;;2;0,58;0,67;-0,32;0,32;;0,5819;-0,8110;0,0628;-0,0576;0,7896;-0,9914;0,8114;0,5732;0,7923;;0,06284;-0,99141;0,79233;1,27068;0,04946;-0,78022;0,62355
0,388589144;0,556221818;0,677043628;-0,334028028;0,347353554;;2;0,56;0,68;-0,33;0,35;;0,5354;-0,8387;0,0988;-0,0658;0,7586;-0,9852;0,8419;0,5210;0,7768;;0,09884;-0,98516;0,77682;1,25847;0,07854;-0,78282;0,61727
0,389589787;0,552091316;0,677006723;-0,339297379;0,34890452;;1;0,55;0,68;-0,34;0,35;;0,5263;-0,8447;0,0978;-0,0742;0,7565;-0,9843;0,8471;0,5108;0,7698;;0,09776;-0,98431;0,76975;1,25337;0,07799;-0,78533;0,61415
0,390590668;0,551334503;0,676896271;-0,340902434;0,348750964;;1;0,55;0,68;-0,34;0,35;;0,5243;-0,8461;0,0963;-0,0769;0,7567;-0,9842;0,8481;0,5085;0,7676;;0,09633;-0,98416;0,76757;1,25181;0,07695;-0,78619;0,61317
0,391591311;0,551214997;0,676872;-0,34119808;0,348697853;;1;0,55;0,68;-0,34;0,35;;0,5240;-0,8463;0,0959;-0,0775;0,7568;-0,9842;0,8482;0,5083;0,7672;;0,09593;-0,98417;0,76719;1,25155;0,07665;-0,78636;0,61299
0,392590761;0,551238221;0,676888858;-0,341062866;0,348760691;;1;0,55;0,68;-0,34;0,35;;0,5240;-0,8463;0,0962;-0,0773;0,7567;-0,9842;0,8482;0,5083;0,7673;;0,09618;-0,98417;0,76733;1,25165;0,07684;-0,78630;0,61305
0,39459157;0,551235718;0,676888233;-0,341069801;0,348759077;;2;0,55;0,68;-0,34;0,35;;0,5240;-0,8463;0,0962;-0,0773;0,7567;-0,9842;0,8482;0,5083;0,7673;;0,09618;-0,98417;0,76733;1,25165;0,07684;-0,78630;0,61305
0,395585775;0,55122915;0,676884953;-0,341098522;0,348747735;;1;0,55;0,68;-0,34;0,35;;0,5241;-0,8462;0,0960;-0,0774;0,7568;-0,9841;0,8481;0,5083;0,7673;;0,09604;-0,98410;0,76726;1,25154;0,07674;-0,78631;0,61305
0,396586418;0,551222603;0,676881606;-0,341127639;0,3487361;;1;0,55;0,68;-0,34;0,35;;0,5241;-0,8462;0,0960;-0,0774;0,7568;-0,9841;0,8481;0,5083;0,7673;;0,09604;-0,98410;0,76726;1,25154;0,07674;-0,78631;0,61305
0,398574352;0,551216704;0,676878581;-0,341153927;0,348725579;;2;0,55;0,68;-0,34;0,35;;0,5240;-0,8463;0,0959;-0,0775;0,7568;-0,9842;0,8482;0,5083;0,7672;;0,09593;-0,98417;0,76719;1,25155;0,07665;-0,78636;0,61299
0,400574684;0,551257352;0,676899428;-0,340972662;0,348798136;;2;0,55;0,68;-0,34;0,35;;0,5242;-0,8462;0,0962;-0,0771;0,7567;-0,9842;0,8482;0,5085;0,7675;;0,09622;-0,98423;0,76751;1,25181;0,07686;-0,78625;0,61312
0,402574539;0,551263933;0,676902802;-0,340943303;0,348809886;;2;0,55;0,68;-0,34;0,35;;0,5243;-0,8461;0,0963;-0,0769;0,7567;-0,9842;0,8481;0,5085;0,7676;;0,09633;-0,98416;0,76757;1,25181;0,07695;-0,78619;0,61317
0,403574944;0,58668371;0,664062353;0,037189867;0,461996028;;1;0,59;0,66;0,04;0,46;;0,5704;-0,4927;0,6573;0,5915;0,5732;-0,7449;0,5700;0,8136;0,9973;;0,65728;-0,74488;0,99731;1,40765;0,46693;-0,52917;0,70849
0,405094385;0,525139002;0,539179299;0,42543375;0,502514514;;1;0,53;0,54;0,43;0,50;;0,1330;-0,0690;0,9887;0,9865;0,4949;-0,1387;0,0951;0,9938;0,6380;;0,98865;-0,13874;0,63801;1,18479;0,83445;-0,11710;0,53850
0,406094074;0,503508397;0,505345052;0,490465649;0,500548819;;1;0,50;0,51;0,49;0,50;;0,0177;-0,0083;0,9997;0,9997;0,4989;-0,0178;0,0119;0,9998;0,5188;;0,99974;-0,01785;0,51875;1,12645;0,88751;-0,01584;0,46052
0,408123732;0,61734002;0,637962543;-0,304734395;0,345010204;;2;0,62;0,64;-0,30;0,35;;0,5762;-0,8147;0,0640;0,0371;0,7619;-0,9979;0,8164;0,5774;0,8143;;0,06404;-0,99792;0,81429;1,28957;0,04966;-0,77383;0,63144
0,410123348;0,613850432;0,634875126;-0,327714328;0,335744755;;2;0,61;0,63;-0,33;0,34;;0,5599;-0,8283;0,0239;-0,0039;0,7747;-0,9995;0,8286;0,5595;0,7853;;0,02392;-0,99955;0,78528;1,27135;0,01882;-0,78621;0,61767
0,411123514;0,613243498;0,63433396;-0,331442384;0,334213682;;1;0,61;0,63;-0,33;0,33;;0,5568;-0,8303;0,0175;-0,0106;0,7765;-0,9994;0,8304;0,5564;0,7802;;0,01754;-0,99941;0,78021;1,26802;0,01383;-0,78817;0,61530
0,413153648;0,613117158;0,634221395;-0,332208846;0,333897972;;2;0,61;0,63;-0,33;0,33;;0,5563;-0,8308;0,0162;-0,0119;0,7770;-0,9995;0,8309;0,5558;0,7792;;0,01618;-0,99950;0,77923;1,26746;0,01276;-0,78858;0,61480
0,415185928;0,621281776;0,624086442;-0,33516783;0,334944165;;2;0,62;0,62;-0,34;0,33;;0,5510;-0,8345;0,0015;-0,0022;0,7757;-1,0000;0,8345;0,5510;0,7753;;0,00150;-1,00002;0,77531;1,26537;0,00119;-0,79030;0,61272
0,417219877;0,622491206;0,622852613;-0,334752265;0,335410558;;2;0,62;0,62;-0,33;0,34;;0,5509;-0,8347;0,0010;0,0005;0,7751;-1,0001;0,8347;0,5509;0,7759;;0,00102;-1,00009;0,77591;1,26579;0,00080;-0,79009;0,61299
0,419219732;0,622702989;0,622738511;-0,334376327;0,335604241;;2;0,62;0,62;-0,33;0,34;;0,5511;-0,8344;0,0015;0,0015;0,7747;-1,0000;0,8344;0,5511;0,7763;;0,00149;-0,99996;0,77631;1,26593;0,00118;-0,78990;0,61324
0,420209885;0,622773475;0,622765517;-0,334058329;0,335739992;;1;0,62;0,62;-0,33;0,34;;0,5514;-0,8343;0,0020;0,0020;0,7747;-1,0001;0,8343;0,5514;0,7768;;0,00199;-1,00007;0,77683;1,26634;0,00157;-0,78974;0,61345
0,421239614;0,62283654;0,622822785;-0,333674993;0,335897934;;1;0,62;0,62;-0,33;0,34;;0,5516;-0,8341;0,0027;0,0027;0,7743;-0,9999;0,8341;0,5516;0,7772;;0,00274;-0,99994;0,77723;1,26648;0,00216;-0,78954;0,61369
0,423269987;0,62286142;0,622846892;-0,333519048;0,335961971;;2;0,62;0,62;-0,33;0,34;;0,5518;-0,8340;0,0030;0,0032;0,7742;-1,0000;0,8340;0,5518;0,7776;;0,00305;-1,00000;0,77756;1,26673;0,00241;-0,78943;0,61383
0,424268961;0,622879377;0,622864747;-0,333405057;0,336008715;;1;0,62;0,62;-0,33;0,34;;0,5520;-0,8339;0,0032;0,0032;0,7743;-1,0001;0,8339;0,5520;0,7777;;0,00324;-1,00005;0,77775;1,26689;0,00256;-0,78938;0,61390
0,426269293;0,622895751;0,622881108;-0,333300818;0,336051444;;2;0,62;0,62;-0,33;0,34;;0,5520;-0,8339;0,0035;0,0035;0,7741;-1,0001;0,8339;0,5520;0,7779;;0,00349;-1,00005;0,77788;1,26697;0,00275;-0,78932;0,61397
0,427269697;0,622957622;0,622942983;-0,332906268;0,336213114;;1;0,62;0,62;-0,33;0,34;;0,5523;-0,8336;0,0040;0,0042;0,7739;-1,0000;0,8336;0,5523;0,7783;;0,00404;-0,99998;0,77834;1,26719;0,00319;-0,78913;0,61422
0,428988695;0,626146047;0,62613753;0,070063866;0,45932992;;2;0,63;0,63;0,07;0,46;;0,5681;-0,4874;0,6629;0,6629;0,5780;-0,7196;0,4874;0,8484;0,9900;;0,66291;-0,71961;0,99004;1,39193;0,47625;-0,51698;0,71127
0,431016922;0,531307603;0,531306046;0,429662463;0,50081562;;2;0,53;0,53;0,43;0,50;;0,1291;-0,0756;0,9887;0,9887;0,4984;-0,1342;0,0756;0,9949;0,6307;;0,98875;-0,13417;0,63072;1,18044;0,83761;-0,11366;0,53431
0,432324648;0,50460493;0,504604711;0,490331302;0,50032306;;1;0,50;0,50;0,49;0,50;;0,0185;-0,0101;0,9997;0,9997;0,4993;-0,0186;0,0101;0,9998;0,5191;;0,99971;-0,01865;0,51915;1,12663;0,88735;-0,01655;0,46080
0,433324337;0,500663966;0,500663935;0,498618845;0,500050461;;1;0,50;0,50;0,50;0,50;;0,0027;-0,0015;1,0001;1,0001;0,4999;-0,0027;0,0015;1,0001;0,5029;;1,00010;-0,00270;0,50290;1,11942;0,89340;-0,00241;0,44925
0,435324192;0,500093209;0,500093205;0,499806369;0,500007162;;2;0,50;0,50;0,50;0,50;;0,0004;-0,0002;1,0000;1,0000;0,5000;-0,0004;0,0002;1,0000;0,5004;;1,00000;-0,00040;0,50040;1,11821;0,89428;-0,00036;0,44750
0,43735218;0,60964906;0,614888008;-0,336549492;0,370101608;;2;0,61;0,61;-0,34;0,37;;0,4995;-0,8651;0,0449;0,0374;0,7260;-0,9988;0,8654;0,5006;0,7735;;0,04489;-0,99876;0,77346;1,26403;0,03551;-0,79014;0,61190
0,439354181;0,607138443;0,612445481;-0,351352062;0,364479317;;2;0,61;0,61;-0,35;0,36;;0,4873;-0,8730;0,0198;0,0122;0,7342;-0,9997;0,8731;0,4874;0,7530;;0,01977;-0,99975;0,75298;1,25175;0,01579;-0,79868;0,60155
0,441353798;0,606704042;0,612022302;-0,35381268;0,363531972;;2;0,61;0,61;-0,35;0,36;;0,4853;-0,8741;0,0156;0,0080;0,7357;-0,9998;0,8742;0,4854;0,7496;;0,01562;-0,99981;0,74959;1,24970;0,01250;-0,80004;0,59981
0,443353891;0,606607649;0,611928378;-0,354354961;0,363322698;;2;0,61;0,61;-0,35;0,36;;0,4848;-0,8745;0,0146;0,0070;0,7360;-0,9999;0,8746;0,4849;0,7488;;0,01465;-0,99986;0,74877;1,24924;0,01173;-0,80038;0,59938
0,44538331;0,606601836;0,611922714;-0,354387618;0,36331009;;2;0,61;0,61;-0,35;0,36;;0,4848;-0,8745;0,0146;0,0070;0,7360;-0,9999;0,8746;0,4849;0,7488;;0,01465;-0,99986;0,74877;1,24924;0,01173;-0,80038;0,59938
0,447386742;0,606616779;0,611937274;-0,354303654;0,363342507;;2;0,61;0,61;-0,35;0,36;;0,4849;-0,8743;0,0148;0,0072;0,7359;-0,9998;0,8744;0,4849;0,7488;;0,01477;-0,99979;0,74884;1,24923;0,01182;-0,80033;0,59945
0,449386835;0,606649206;0,611968872;-0,354121331;0,363412883;;2;0,61;0,61;-0,35;0,36;;0,4851;-0,8743;0,0152;0,0075;0,7358;-0,9998;0,8744;0,4851;0,7492;;0,01521;-0,99984;0,74918;1,24947;0,01217;-0,80021;0,59960
0,451416492;0,60667069;0,611989805;-0,354000457;0,363459529;;2;0,61;0,61;-0,35;0,36;;0,4852;-0,8744;0,0154;0,0078;0,7358;-1,0000;0,8745;0,4852;0,7494;;0,01538;-0,99996;0,74945;1,24973;0,01231;-0,80014;0,59969
0,453435421;0,619711689;0,622875868;0,048237868;0,475032824;;2;0,62;0,62;0,05;0,48;;0,5441;-0,5287;0,6515;0,6488;0,5487;-0,7262;0,5320;0,8178;0,9953;;0,65149;-0,72623;0,99533;1,39375;0,46744;-0,52106;0,71414
0,454435587;0,531448967;0,532041624;0,42441073;0,504350314;;1;0,53;0,53;0,42;0,50;;0,1309;-0,0845;0,9877;0,9876;0,4911;-0,1373;0,0856;0,9935;0,6397;;0,98773;-0,13727;0,63971;1,18478;0,83369;-0,11587;0,53994
0,456393003;0,504682885;0,504766701;0,489545223;0,500850514;;2;0,50;0,50;0,49;0,50;;0,0190;-0,0114;0,9998;0,9998;0,4983;-0,0192;0,0116;0,9999;0,5208;;0,99981;-0,01916;0,52084;1,12750;0,88675;-0,01700;0,46194
0,458429575;0,500667732;0,500679599;0,498524447;0,500125121;;2;0,50;0,50;0,50;0,50;;0,0028;-0,0016;1,0000;1,0000;0,4998;-0,0028;0,0016;1,0000;0,5030;;1,00000;-0,00280;0,50300;1,11938;0,89335;-0,00250;0,44935
0,460399389;0,500092616;0,50009426;0,499795634;0,50001743;;2;0,50;0,50;0,50;0,50;;0,0004;-0,0002;1,0000;1,0000;0,5000;-0,0004;0,0002;1,0000;0,5004;;1,00000;-0,00040;0,50040;1,11821;0,89428;-0,00036;0,44750
0,461994886;0,500012656;0,50001288;0,49997208;0,500002383;;2;0,50;0,50;0,50;0,50;;0,0000;0,0000;1,0000;1,0000;0,5000;0,0000;0,0000;1,0000;0,5000;;1,00000;0,00000;0,50000;1,11803;0,89443;0,00000;0,44721
0,463995695;0,500001718;0,500001749;0,499996209;0,500000324;;2;0,50;0,50;0,50;0,50;;0,0000;0,0000;1,0000;1,0000;0,5000;0,0000;0,0000;1,0000;0,5000;;1,00000;0,00000;0,50000;1,11803;0,89443;0,00000;0,44721
0,46599555;0,500000233;0,500000237;0,499999487;0,500000044;;2;0,50;0,50;0,50;0,50;;0,0000;0,0000;1,0000;1,0000;0,5000;0,0000;0,0000;1,0000;0,5000;;1,00000;0,00000;0,50000;1,11803;0,89443;0,00000;0,44721
0,468026161;0,500000031;0,500000032;0,499999931;0,500000006;;2;0,50;0,50;0,50;0,50;;0,0000;0,0000;1,0000;1,0000;0,5000;0,0000;0,0000;1,0000;0,5000;;1,00000;0,00000;0,50000;1,11803;0,89443;0,00000;0,44721
0,470610857;0,500000004;0,500000004;0,499999991;0,500000001;;3;0,50;0,50;0,50;0,50;;0,0000;0,0000;1,0000;1,0000;0,5000;0,0000;0,0000;1,0000;0,5000;;1,00000;0,00000;0,50000;1,11803;0,89443;0,00000;0,44721
0,472639322;0,500000001;0,500000001;0,499999999;0,5;;2;0,50;0,50;0,50;0,50;;0,0000;0,0000;1,0000;1,0000;0,5000;0,0000;0,0000;1,0000;0,5000;;1,00000;0,00000;0,50000;1,11803;0,89443;0,00000;0,44721
0,474208593;0,5;0,5;0,5;0,5;;1;0,50;0,50;0,50;0,50;;0,0000;0,0000;1,0000;1,0000;0,5000;0,0000;0,0000;1,0000;0,5000;;1,00000;0,00000;0,50000;1,11803;0,89443;0,00000;0,44721
0,476208687;0,5;0,5;0,5;0,5;;2;0,50;0,50;0,50;0,50;;0,0000;0,0000;1,0000;1,0000;0,5000;0,0000;0,0000;1,0000;0,5000;;1,00000;0,00000;0,50000;1,11803;0,89443;0,00000;0,44721
0,477802515;0,5;0,5;0,5;0,5;;2;0,50;0,50;0,50;0,50;;0,0000;0,0000;1,0000;1,0000;0,5000;0,0000;0,0000;1,0000;0,5000;;1,00000;0,00000;0,50000;1,11803;0,89443;0,00000;0,44721
0,479832172;0,5;0,5;0,5;0,5;;2;0,50;0,50;0,50;0,50;;0,0000;0,0000;1,0000;1,0000;0,5000;0,0000;0,0000;1,0000;0,5000;;1,00000;0,00000;0,50000;1,11803;0,89443;0,00000;0,44721
0,481633663;0,5;0,5;0,5;0,5;;2;0,50;0,50;0,50;0,50;;0,0000;0,0000;1,0000;1,0000;0,5000;0,0000;0,0000;1,0000;0,5000;;1,00000;0,00000;0,50000;1,11803;0,89443;0,00000;0,44721
0,48362422;0,5;0,5;0,5;0,5;;2;0,50;0,50;0,50;0,50;;0,0000;0,0000;1,0000;1,0000;0,5000;0,0000;0,0000;1,0000;0,5000;;1,00000;0,00000;0,50000;1,11803;0,89443;0,00000;0,44721
0,485233068;0,5;0,5;0,5;0,5;;1;0,50;0,50;0,50;0,50;;0,0000;0,0000;1,0000;1,0000;0,5000;0,0000;0,0000;1,0000;0,5000;;1,00000;0,00000;0,50000;1,11803;0,89443;0,00000;0,44721
0,487232924;0,5;0,5;0,5;0,5;;2;0,50;0,50;0,50;0,50;;0,0000;0,0000;1,0000;1,0000;0,5000;0,0000;0,0000;1,0000;0,5000;;1,00000;0,00000;0,50000;1,11803;0,89443;0,00000;0,44721
0,489329576;0,5;0,5;0,5;0,5;;2;0,50;0,50;0,50;0,50;;0,0000;0,0000;1,0000;1,0000;0,5000;0,0000;0,0000;1,0000;0,5000;;1,00000;0,00000;0,50000;1,11803;0,89443;0,00000;0,44721
0,491352081;0,5;0,5;0,5;0,5;;2;0,50;0,50;0,50;0,50;;0,0000;0,0000;1,0000;1,0000;0,5000;0,0000;0,0000;1,0000;0,5000;;1,00000;0,00000;0,50000;1,11803;0,89443;0,00000;0,44721
0,493943214;0,5;0,5;0,5;0,5;;3;0,50;0,50;0,50;0,50;;0,0000;0,0000;1,0000;1,0000;0,5000;0,0000;0,0000;1,0000;0,5000;;1,00000;0,00000;0,50000;1,11803;0,89443;0,00000;0,44721
0,495968819;0,5;0,5;0,5;0,5;;2;0,50;0,50;0,50;0,50;;0,0000;0,0000;1,0000;1,0000;0,5000;0,0000;0,0000;1,0000;0,5000;;1,00000;0,00000;0,50000;1,11803;0,89443;0,00000;0,44721
0,497968912;0,5;0,5;0,5;0,5;;2;0,50;0,50;0,50;0,50;;0,0000;0,0000;1,0000;1,0000;0,5000;0,0000;0,0000;1,0000;0,5000;;1,00000;0,00000;0,50000;1,11803;0,89443;0,00000;0,44721
0,499996424;0,5;0,5;0,5;0,5;;2;0,50;0,50;0,50;0,50;;0,0000;0,0000;1,0000;1,0000;0,5000;0,0000;0,0000;1,0000;0,5000;;1,00000;0,00000;0,50000;1,11803;0,89443;0,00000;0,44721
0,502051353;0,5;0,5;0,5;0,5;;2;0,50;0,50;0,50;0,50;;0,0000;0,0000;1,0000;1,0000;0,5000;0,0000;0,0000;1,0000;0,5000;;1,00000;0,00000;0,50000;1,11803;0,89443;0,00000;0,44721
0,504078388;0,655123041;0,538491286;-0,367028951;0,382270434;;2;0,66;0,54;-0,37;0,38;;0,4383;-0,8961;-0,0691;0,1056;0,7077;-0,9862;0,8926;0,4249;0,7306;;-0,06911;-0,98615;0,73060;1,22925;-0,05622;-0,80224;0,59435
0,506722927;0,655051192;0,538370832;-0,367526777;0,382084875;;3;0,66;0,54;-0,37;0,38;;0,4380;-0,8964;-0,0701;0,1049;0,7081;-0,9863;0,8929;0,4246;0,7300;;-0,07005;-0,98626;0,72997;1,22901;-0,05700;-0,80248;0,59395
0,508723021;0,655238018;0,538684398;-0,366229204;0,382568203;;2;0,66;0,54;-0,37;0,38;;0,4390;-0,8959;-0,0677;0,1068;0,7072;-0,9861;0,8921;0,4257;0,7318;;-0,06766;-0,98613;0,73177;1,22984;-0,05501;-0,80183;0,59501
0,510752439;0,655363958;0,53889643;-0,365348764;0,382895549;;2;0,66;0,54;-0,37;0,38;;0,4399;-0,8956;-0,0661;0,1082;0,7068;-0,9861;0,8915;0,4266;0,7331;;-0,06615;-0,98614;0,73313;1,23058;-0,05375;-0,80136;0,59576
0,512751341;0,655445627;0,539034213;-0,364775315;0,383108493;;2;0,66;0,54;-0,36;0,38;;0,4402;-0,8954;-0,0652;0,1089;0,7064;-0,9860;0,8912;0,4270;0,7338;;-0,06520;-0,98603;0,73376;1,23082;-0,05297;-0,80112;0,59615
0,514755726;0,655500594;0,539127076;-0,364388231;0,383252116;;2;0,66;0,54;-0,36;0,38;;0,4406;-0,8954;-0,0645;0,1096;0,7062;-0,9861;0,8910;0,4274;0,7344;;-0,06445;-0,98611;0,73444;1,23125;-0,05235;-0,80090;0,59650
0,516755342;0,655548656;0,539208358;-0,36404903;0,383377894;;2;0,66;0,54;-0,36;0,38;;0,4409;-0,8952;-0,0637;0,1101;0,7059;-0,9860;0,8907;0,4278;0,7349;;-0,06375;-0,98601;0,73492;1,23141;-0,05177;-0,80071;0,59681
0,518754959;0,655591105;0,539280213;-0,363748865;0,383489137;;2;0,66;0,54;-0,36;0,38;;0,4413;-0,8951;-0,0632;0,1106;0,7059;-0,9861;0,8905;0,4282;0,7355;;-0,06324;-0,98609;0,73545;1,23177;-0,05134;-0,80055;0,59707
0,520784378;0,655626416;0,539340035;-0,363498748;0,383581789;;2;0,66;0,54;-0,36;0,38;;0,4414;-0,8950;-0,0629;0,1109;0,7056;-0,9860;0,8904;0,4283;0,7357;;-0,06287;-0,98601;0,73567;1,23182;-0,05104;-0,80045;0,59722
0,522778034;0,655668676;0,539411685;-0,363198915;0,383692805;;2;0,66;0,54;-0,36;0,38;;0,4418;-0,8950;-0,0624;0,1114;0,7056;-0,9861;0,8902;0,4286;0,7362;;-0,06236;-0,98609;0,73621;1,23218;-0,05061;-0,80028;0,59748
0,524326801;0,655759953;0,539566655;-0,362549434;0,383933089;;1;0,66;0,54;-0,36;0,38;;0,4425;-0,8947;-0,0612;0,1123;0,7053;-0,9861;0,8898;0,4294;0,7372;;-0,06115;-0,98607;0,73721;1,23270;-0,04961;-0,79992;0,59805
0,526326656;0,655799128;0,539633258;-0,362269889;0,384036428;;2;0,66;0,54;-0,36;0,38;;0,4425;-0,8946;-0,0608;0,1127;0,7050;-0,9860;0,8896;0,4295;0,7374;;-0,06078;-0,98599;0,73744;1,23275;-0,04930;-0,79983;0,59820
0,527844191;0,646953247;0,580224356;0,062146226;0,49084523;;2;0,65;0,58;0,06;0,49;;0,5105;-0,5630;0,6499;0,7072;0,5182;-0,6898;0,4892;0,8117;0,9923;;0,64988;-0,68982;0,99227;1,37215;0,47362;-0,50273;0,72315
0,529873133;0,535953479;0,523469457;0,426544442;0,5067479;;2;0,54;0,52;0,43;0,51;;0,1227;-0,0966;0,9877;0,9897;0,4865;-0,1290;0,0733;0,9934;0,6362;;0,98772;-0,12898;0,63619;1,18194;0,83568;-0,10912;0,53826
0,53187561;0,689784235;0,527654421;-0,334113994;0,366259962;;2;0,69;0,53;-0,33;0,37;;0,5085;-0,8580;-0,0743;0,1527;0,7317;-0,9728;0,8475;0,4833;0,7768;;-0,07433;-0,97278;0,77684;1,24712;-0,05960;-0,78002;0,62291
0,533872843;0,688663608;0,524759624;-0,345754803;0,361695159;;2;0,69;0,52;-0,35;0,36;;0,4993;-0,8612;-0,0967;0,1353;0,7385;-0,9730;0,8559;0,4727;0,7610;;-0,09666;-0,97301;0,76097;1,23902;-0,07802;-0,78531;0,61417
0,535387754;0,688490612;0,524336116;-0,347429202;0,361033606;;1;0,69;0,52;-0,35;0,36;;0,4979;-0,8614;-0,0998;0,1328;0,7393;-0,9728;0,8569;0,4711;0,7586;;-0,09983;-0,97278;0,75856;1,23761;-0,08066;-0,78602;0,61292
0,537387609;0,688475657;0,524298559;-0,347576349;0,36097503;;2;0,69;0,52;-0,35;0,36;;0,4978;-0,8616;-0,1001;0,1326;0,7394;-0,9729;0,8572;0,4710;0,7584;;-0,10010;-0,97293;0,75842;1,23766;-0,08088;-0,78610;0,61278
0,539436102;0,688490851;0,524332961;-0,347438549;0,361028736;;2;0,69;0,52;-0,35;0,36;;0,4979;-0,8614;-0,0998;0,1328;0,7393;-0,9728;0,8569;0,4711;0,7586;;-0,09983;-0,97278;0,75856;1,23761;-0,08066;-0,78602;0,61292
0,541456699;0,692283923;0,519119909;-0,347494535;0,361254811;;2;0,69;0,52;-0,35;0,36;;0,4975;-0,8610;-0,1060;0,1395;0,7390;-0,9698;0,8563;0,4676;0,7585;;-0,10605;-0,96985;0,75853;1,23581;-0,08581;-0,78479;0,61379
0,543456554;0,692856328;0,518587529;-0,346855534;0,361536058;;2;0,69;0,52;-0,35;0,36;;0,4980;-0,8608;-0,1058;0,1412;0,7387;-0,9695;0,8557;0,4679;0,7594;;-0,10579;-0,96948;0,75940;1,23603;-0,08559;-0,78435;0,61438
0,545436859;0,692955052;0,518570834;-0,346557425;0,361656656;;2;0,69;0,52;-0,35;0,36;;0,4982;-0,8608;-0,1052;0,1418;0,7385;-0,9695;0,8555;0,4680;0,7599;;-0,10523;-0,96951;0,75989;1,23631;-0,08512;-0,78420;0,61464
0,547436714;0,692982294;0,518602768;-0,346383807;0,361724988;;2;0,69;0,52;-0,35;0,36;;0,4984;-0,8606;-0,1050;0,1420;0,7384;-0,9694;0,8553;0,4682;0,7600;;-0,10496;-0,96937;0,76003;1,23626;-0,08490;-0,78411;0,61478
0,549466372;0,692998141;0,518636704;-0,346244341;0,361779492;;2;0,69;0,52;-0,35;0,36;;0,4984;-0,8605;-0,1046;0,1424;0,7382;-0,9693;0,8551;0,4683;0,7602;;-0,10457;-0,96929;0,76024;1,23629;-0,08459;-0,78403;0,61493
0,551468134;0,69126654;0,519213934;-0,346864989;0,363664874;;2;0,69;0,52;-0,35;0,36;;0,4948;-0,8631;-0,1020;0,1426;0,7355;-0,9702;0,8573;0,4655;0,7594;;-0,10196;-0,97018;0,75940;1,23626;-0,08247;-0,78477;0,61427
0,553468227;0,690994298;0,519193504;-0,347329498;0,363768065;;2;0,69;0,52;-0,35;0,36;;0,4941;-0,8634;-0,1022;0,1421;0,7353;-0,9702;0,8577;0,4648;0,7588;;-0,10220;-0,97023;0,75878;1,23594;-0,08269;-0,78502;0,61393
0,555468559;0,690960758;0,5191975;-0,347365065;0,363792109;;2;0,69;0,52;-0,35;0,36;;0,4940;-0,8635;-0,1023;0,1420;0,7354;-0,9703;0,8579;0,4648;0,7587;;-0,10234;-0,97030;0,75871;1,23596;-0,08280;-0,78506;0,61386
0,55746007;0,690963061;0,519214186;-0,34730638;0,363819949;;2;0,69;0,52;-0,35;0,36;;0,4941;-0,8634;-0,1022;0,1421;0,7353;-0,9702;0,8577;0,4648;0,7588;;-0,10220;-0,97023;0,75878;1,23594;-0,08269;-0,78502;0,61393
0,560064316;0,690970505;0,519233417;-0,347231754;0,363849598;;3;0,69;0,52;-0,35;0,36;;0,4942;-0,8633;-0,1021;0,1422;0,7352;-0,9702;0,8576;0,4649;0,7589;;-0,10206;-0,97016;0,75885;1,23591;-0,08258;-0,78497;0,61400
0,562086105;0,668109595;0,527844746;-0,355339351;0,38567271;;2;0,67;0,53;-0,36;0,39;;0,4499;-0,8904;-0,0676;0,1403;0,7024;-0,9793;0,8819;0,4312;0,7475;;-0,06761;-0,97932;0,74746;1,23383;-0,05479;-0,79373;0,60580
0,564058781;0,664501626;0,528006792;-0,360220807;0,387152925;;2;0,66;0,53;-0,36;0,39;;0,4407;-0,8950;-0,0698;0,1342;0,7002;-0,9807;0,8876;0,4228;0,7405;;-0,06982;-0,98065;0,74052;1,23082;-0,05673;-0,79674;0,60165
0,565584421;0,663939547;0,527883699;-0,361451511;0,387138067;;2;0,66;0,53;-0,36;0,39;;0,4389;-0,8957;-0,0713;0,1323;0,7003;-0,9808;0,8887;0,4211;0,7386;;-0,07130;-0,98082;0,73861;1,22989;-0,05797;-0,79749;0,60055
0,567611456;0,66385774;0,527854869;-0,361665496;0,387117822;;2;0,66;0,53;-0,36;0,39;;0,4388;-0,8959;-0,0716;0,1321;0,7004;-0,9810;0,8890;0,4209;0,7385;;-0,07157;-0,98097;0,73846;1,22994;-0,05819;-0,79758;0,60040
0,569604397;0,663843832;0,527845463;-0,361716437;0,387106902;;2;0,66;0,53;-0,36;0,39;;0,4385;-0,8957;-0,0716;0,1321;0,7002;-0,9807;0,8888;0,4207;0,7382;;-0,07157;-0,98074;0,73822;1,22961;-0,05821;-0,79760;0,60037
0,571615458;0,663869929;0,527896271;-0,361513469;0,387182459;;2;0,66;0,53;-0,36;0,39;;0,4388;-0,8958;-0,0712;0,1325;0,7002;-0,9809;0,8888;0,4210;0,7387;;-0,07119;-0,98089;0,73868;1,22999;-0,05788;-0,79748;0,60056
0,573639154;0,650760765;0,573351084;0,067010922;0,493242838;;2;0,65;0,57;0,07;0,49;;0,5046;-0,5651;0,6528;0,7188;0,5136;-0,6802;0,4784;0,8124;0,9911;;0,65281;-0,68025;0,99109;1,36790;0,47723;-0,49729;0,72453
0,575639248;0,534980722;0,521131968;0,430546651;0,506800435;;2;0,54;0,52;0,43;0,51;;0,1156;-0,0936;0,9888;0,9909;0,4863;-0,1212;0,0676;0,9939;0,6293;;0,98882;-0,12122;0,62929;1,17833;0,83917;-0,10288;0,53405
0,577638865;0,505267472;0,503262274;0,490146184;0,501187173;;2;0,51;0,50;0,49;0,50;;0,0172;-0,0132;0,9998;0,9998;0,4976;-0,0174;0,0092;0,9999;0,5196;;0,99980;-0,01736;0,51964;1,12691;0,88720;-0,01540;0,46112
0,579373121;0,500773824;0,500480874;0,49856467;0,50017771;;1;0,50;0,50;0,50;0,50;;0,0025;-0,0019;1,0001;1,0001;0,4997;-0,0025;0,0013;1,0001;0,5029;;1,00010;-0,00250;0,50290;1,11942;0,89340;-0,00223;0,44925
0,581372976;0,69691418;0,50531378;-0,345977208;0,373186791;;2;0,70;0,51;-0,35;0,37;;0,4820;-0,8698;-0,1051;0,1705;0,7214;-0,9625;0,8594;0,4460;0,7606;;-0,10510;-0,96254;0,76056;1,23125;-0,08536;-0,78176;0,61771
0,583408356;0,69658534;0,504447909;-0,349216885;0,371952602;;2;0,70;0,50;-0,35;0,37;;0,4793;-0,8705;-0,1112;0,1660;0,7232;-0,9625;0,8618;0,4429;0,7561;;-0,11123;-0,96253;0,75611;1,22905;-0,09050;-0,78316;0,61520
0,585408211;0,696572494;0,504414072;-0,349342568;0,371904523;;2;0,70;0,50;-0,35;0,37;;0,4794;-0,8705;-0,1115;0,1658;0,7234;-0,9625;0,8618;0,4429;0,7560;;-0,11147;-0,96254;0,75597;1,22898;-0,09070;-0,78320;0,61512
0,587408543;0,696610421;0,504512406;-0,34897566;0,372044543;;2;0,70;0,50;-0,35;0,37;;0,4796;-0,8704;-0,1109;0,1661;0,7232;-0,9625;0,8616;0,4432;0,7564;;-0,11088;-0,96253;0,75635;1,22915;-0,09021;-0,78308;0,61535
0,589440823;0,696623235;0,504545693;-0,348851387;0,372091952;;2;0,70;0,50;-0,35;0,37;;0,4796;-0,8704;-0,1106;0,1664;0,7230;-0,9625;0,8615;0,4432;0,7565;;-0,11064;-0,96252;0,75650;1,22922;-0,09001;-0,78303;0,61543
0,59195447;0,677147271;0,50745763;-0,356891617;0,395710376;;3;0,68;0,51;-0,36;0,40;;0,4321;-0,8981;-0,0817;0,1736;0,6868;-0,9697;0,8849;0,4048;0,7452;;-0,08168;-0,96971;0,74522;1,22571;-0,06664;-0,79114;0,60799
0,593976974;0,67418545;0,507139217;-0,360465188;0,397930447;;2;0,67;0,51;-0,36;0,40;;0,4234;-0,9021;-0,0825;0,1709;0,6833;-0,9707;0,8896;0,3969;0,7401;;-0,08255;-0,97066;0,74006;1,22339;-0,06747;-0,79342;0,60493
0,595490932;0,673729939;0,506972284;-0,361406697;0,398060639;;1;0,67;0,51;-0,36;0,40;;0,4218;-0,9029;-0,0833;0,1699;0,6830;-0,9709;0,8906;0,3954;0,7388;;-0,08328;-0,97088;0,73879;1,22285;-0,06810;-0,79395;0,60416
0,597490788;0,673680699;0,506974766;-0,361439076;0,398111413;;2;0,67;0,51;-0,36;0,40;;0,4218;-0,9029;-0,0833;0,1699;0,6830;-0,9709;0,8906;0,3954;0,7388;;-0,08328;-0,97088;0,73879;1,22285;-0,06810;-0,79395;0,60416
0,599510193;0,67368042;0,50698849;-0,361393017;0,39813622;;3;0,67;0,51;-0,36;0,40;;0,4218;-0,9029;-0,0833;0,1699;0,6830;-0,9709;0,8906;0,3954;0,7388;;-0,08328;-0,97088;0,73879;1,22285;-0,06810;-0,79395;0,60416
0,601524115;0,673688112;0,507006776;-0,361324966;0,398161683;;2;0,67;0,51;-0,36;0,40;;0,4218;-0,9029;-0,0830;0,1702;0,6829;-0,9709;0,8906;0,3954;0,7389;;-0,08304;-0,97087;0,73895;1,22292;-0,06790;-0,79390;0,60425
0,603561401;0,673697242;0,507026472;-0,361250952;0,398188312;;2;0,67;0,51;-0,36;0,40;;0,4218;-0,9029;-0,0830;0,1702;0,6829;-0,9709;0,8906;0,3954;0,7389;;-0,08304;-0,97087;0,73895;1,22292;-0,06790;-0,79390;0,60425
0,605555773;0,673689177;0,507009334;-0,361315456;0,398165254;;2;0,67;0,51;-0,36;0,40;;0,4218;-0,9029;-0,0830;0,1702;0,6829;-0,9709;0,8906;0,3954;0,7389;;-0,08304;-0,97087;0,73895;1,22292;-0,06790;-0,79390;0,60425
0,607586145;0,67364404;0,506913315;-0,36167656;0,398036008;;2;0,67;0,51;-0,36;0,40;;0,4215;-0,9029;-0,0838;0,1695;0,6831;-0,9708;0,8908;0,3950;0,7383;;-0,08379;-0,97081;0,73826;1,22251;-0,06854;-0,79411;0,60389
0,609586239;0,653955426;0,512334039;-0,367821982;0,417807519;;2;0,65;0,51;-0,37;0,42;;0,3803;-0,9233;-0,0530;0,1696;0,6509;-0,9774;0,9092;0,3628;0,7294;;-0,05300;-0,97742;0,72945;1,22076;-0,04342;-0,80067;0,59754
0,611614943;0,65077995;0,512118146;-0,372094858;0,419244413;;2;0,65;0,51;-0,37;0,42;;0,3716;-0,9267;-0,0550;0,1645;0,6485;-0,9785;0,9137;0,3546;0,7231;;-0,05498;-0,97852;0,72306;1,21792;-0,04514;-0,80343;0,59368
0,613580227;0,650310072;0,512011249;-0,372958703;0,419336496;;2;0,65;0,51;-0,37;0,42;;0,3701;-0,9273;-0,0558;0,1634;0,6484;-0,9787;0,9145;0,3531;0,7217;;-0,05576;-0,97871;0,72172;1,21731;-0,04581;-0,80399;0,59288
0,615491629;0,650279179;0,512053775;-0,372857677;0,41942231;;1;0,65;0,51;-0,37;0,42;;0,3702;-0,9274;-0,0554;0,1635;0,6483;-0,9788;0,9145;0,3532;0,7220;;-0,05544;-0,97883;0,72198;1,21755;-0,04554;-0,80393;0,59298
0,61752367;0,650275604;0,512060429;-0,372840465;0,419435029;;3;0,65;0,51;-0,37;0,42;;0,3703;-0,9273;-0,0553;0,1636;0,6482;-0,9787;0,9144;0,3533;0,7221;;-0,05531;-0,97874;0,72205;1,21752;-0,04543;-0,80388;0,59305
0,620124817;0,650275916;0,512062724;-0,372832811;0,419438547;;2;0,65;0,51;-0,37;0,42;;0,3703;-0,9273;-0,0553;0,1636;0,6482;-0,9787;0,9144;0,3533;0,7221;;-0,05531;-0,97874;0,72205;1,21752;-0,04543;-0,80388;0,59305
0,622142792;0,650276803;0,512064536;-0,372826053;0,419440966;;2;0,65;0,51;-0,37;0,42;;0,3703;-0,9273;-0,0553;0,1636;0,6482;-0,9787;0,9144;0,3533;0,7221;;-0,05531;-0,97874;0,72205;1,21752;-0,04543;-0,80388;0,59305
0,624629021;0,650301863;0,512109219;-0,372655867;0,419498797;;3;0,65;0,51;-0,37;0,42;;0,3703;-0,9273;-0,0551;0,1639;0,6481;-0,9787;0,9144;0,3533;0,7222;;-0,05508;-0,97873;0,72221;1,21760;-0,04524;-0,80382;0,59315
0,626625299;0,650320401;0,512142269;-0,372529921;0,419541572;;2;0,65;0,51;-0,37;0,42;;0,3704;-0,9271;-0,0548;0,1641;0,6479;-0,9786;0,9141;0,3535;0,7224;;-0,05482;-0,97856;0,72236;1,21754;-0,04503;-0,80372;0,59330
0,628320217;0,644334979;0,565102326;0,057822894;0,512004208;;1;0,64;0,57;0,06;0,51;;0,4690;-0,5944;0,6531;0,7251;0,4757;-0,6690;0,5042;0,7874;0,9933;;0,65314;-0,66900;0,99326;1,36409;0,47881;-0,49044;0,72815
0,630348682;0,533860967;0,519756983;0,429457584;0,510305135;;2;0,53;0,52;0,43;0,51;;0,1104;-0,0984;0,9891;0,9914;0,4793;-0,1167;0,0719;0,9934;0,6312;;0,98913;-0,11669;0,63118;1,17914;0,83885;-0,09897;0,53528
0,632385492;0,505111047;0,503067582;0,489984499;0,501698145;;2;0,51;0,50;0,49;0,50;;0,0164;-0,0138;0,9998;0,9999;0,4966;-0,0166;0,0098;0,9999;0,5198;;0,99981;-0,01657;0,51984;1,12700;0,88714;-0,01470;0,46126
0,634385347;0,500751465;0,50045275;0,498540255;0,500252565;;2;0,50;0,50;0,50;0,50;;0,0025;-0,0021;1,0001;1,0001;0,4995;-0,0025;0,0015;1,0001;0,5031;;1,00010;-0,00250;0,50310;1,11951;0,89333;-0,00223;0,44939
0,636385918;0,500106316;0,50006409;0,499793742;0,500035792;;2;0,50;0,50;0,50;0,50;;0,0004;-0,0002;1,0000;1,0000;0,5000;-0,0004;0,0002;1,0000;0,5004;;1,00000;-0,00040;0,50040;1,11821;0,89428;-0,00036;0,44750
0,638414621;0,500014735;0,500008883;0,499971419;0,500004962;;2;0,50;0,50;0,50;0,50;;0,0000;0,0000;1,0000;1,0000;0,5000;0,0000;0,0000;1,0000;0,5000;;1,00000;0,00000;0,50000;1,11803;0,89443;0,00000;0,44721
0,640397072;0,500002018;0,500001217;0,499996086;0,50000068;;2;0,50;0,50;0,50;0,50;;0,0000;0,0000;1,0000;1,0000;0,5000;0,0000;0,0000;1,0000;0,5000;;1,00000;0,00000;0,50000;1,11803;0,89443;0,00000;0,44721
0,642396688;0,500000275;0,500000166;0,499999467;0,500000093;;2;0,50;0,50;0,50;0,50;;0,0000;0,0000;1,0000;1,0000;0,5000;0,0000;0,0000;1,0000;0,5000;;1,00000;0,00000;0,50000;1,11803;0,89443;0,00000;0,44721
0,644397259;0,500000037;0,500000022;0,499999928;0,500000013;;2;0,50;0,50;0,50;0,50;;0,0000;0,0000;1,0000;1,0000;0,5000;0,0000;0,0000;1,0000;0,5000;;1,00000;0,00000;0,50000;1,11803;0,89443;0,00000;0,44721
0,646383286;0,500000005;0,500000003;0,49999999;0,500000002;;2;0,50;0,50;0,50;0,50;;0,0000;0,0000;1,0000;1,0000;0,5000;0,0000;0,0000;1,0000;0,5000;;1,00000;0,00000;0,50000;1,11803;0,89443;0,00000;0,44721
0,649102449;0,500000001;0,5;0,499999999;0,5;;3;0,50;0,50;0,50;0,50;;0,0000;0,0000;1,0000;1,0000;0,5000;0,0000;0,0000;1,0000;0,5000;;1,00000;0,00000;0,50000;1,11803;0,89443;0,00000;0,44721
0,651102781;0,66333084;0,517064877;-0,369515834;0,395087532;;2;0,66;0,52;-0,37;0,40;;0,4147;-0,9063;-0,0816;0,1420;0,6878;-0,9780;0,8988;0,3940;0,7269;;-0,08157;-0,97796;0,72693;1,22127;-0,06679;-0,80078;0,59523
0,653122425;0,663643676;0,517655866;-0,367238835;0,395910486;;2;0,66;0,52;-0,37;0,40;;0,4168;-0,9056;-0,0774;0,1452;0,6865;-0,9778;0,8973;0,3963;0,7303;;-0,07743;-0,97784;0,73028;1,22290;-0,06332;-0,79961;0,59717
0,655123472;0,663703975;0,517770318;-0,36679614;0,396070098;;2;0,66;0,52;-0,37;0,40;;0,4172;-0,9056;-0,0767;0,1459;0,6863;-0,9779;0,8971;0,3967;0,7310;;-0,07669;-0,97791;0,73097;1,22331;-0,06269;-0,79939;0,59753
