0,0,0.0,0
0,0,0.0,0
0,0,0.0,0
0,0,0.0,0
0,0,0.0,0
0,0,0.0,0
0,0,0.0,0
0,0,0.0,0
0,0,0.0,0
0,0,0.0,0
0,0,1.8358230590820312e-05,0
0,0,0.0,0
0,0,0.0,0
0,0,0.0,0
0,0,0.0,0
0,0,0.0,0
0,0,0.0,0
0,0,0.0,0
0,0,0.0,0
0,0,0.0,0
0,0,0.0,0
0,0,0.0,0
0,0,0.0,0
0,0,0.0,0
0,0,0.0,0
0,0,0.0,0
0,0,0.0,0
0,0,0.0,0
0,0,0.0,0
0,0,0.0,0
0,0,0.0,0
0,0,0.0,0
0,0,0.0,0
0,0,0.0,0
0,0,0.0,0
0,0,0.0,0
0,0,0.0,0
0,0,0.0,0
0,0,0.0,0
0,0,0.0,0
0,0,0.0,0
0,0,0.0,0
0,0,0.0,0
0,0,0.0,0
0,0,0.0,0
0,0,0.0,0
0,0,0.0,0
0,0,0.0,0
0,0,0.0,0
0,0,0.0,0
0,0,0.0,0
0,0,0.0,0
0,0,0.0,0
0,0,0.0,0
0,0,0.0,0
0,0,0.0,0
0,0,0.0,0
0,0,0.0,0
0,0,0.0,0
0,0,0.0,0
0,0,0.0,0
0,0,0.0,0
0,0,0.0,0
0,0,0.0,0
0,0,0.0,0
0,0,0.0,0
0,0,0.0,0
0,0,0.0,0
0,0,0.0,0
0,0,0.0,0
0,0,0.0,0
0,0,0.0,0
0,0,0.0,0
0,0,0.0,0
0,0,0.0,0
0,0,0.0,0
0,0,0.0,0
0,0,0.0,0
0,0,0.0,0
0,0,0.0,0
0,0,0.0,0
0,0,0.0,0
0,0,0.0,0
0,0,0.0,0
0,0,0.0,0
0,0,0.0,0
0,0,0.0,0
0,0,0.0,0
0,0,0.0,0
0,0,0.0,0
0,0,0.0,0
0,0,0.0,0
0,0,0.0,0
0,0,0.0,0
0,0,0.0,0
0,0,0.0,0
0,0,0.0,0
0,0,0.0,0
0,0,0.0,0
0,0,0.0,0
0,0,0.0,0
0,0,0.0,0
0,0,0.0,0
0,0,0.0,0
0,0,0.0,0
0,0,0.0,0
0,0,0.0,0
0,0,0.0,0
0,0,0.0,0
0,0,0.0,0
0,0,0.0,0
0,0,0.0,0
0,0,0.0,0
0,0,0.0,0
0,0,0.0,0
0,0,0.0,0
0,0,0.0,0
0,0,0.0,0
0,0,0.0,0
0,0,0.0,0
0,0,0.0,0
0,0,0.0,0
0,0,0.0,0
0,0,0.0,0
0,0,0.0,0
0,0,0.0,0
0,0,0.0,0
0,0,0.0,0
0,0,0.0,0
0,0,0.0,0
0,0,0.0,0
0,0,0.0,0
0,0,0.0,0
0,0,0.0,0
0,0,0.0,0
0,0,0.0,0
0,0,0.0,0
0,0,0.0,0
0,0,0.0,0
0,0,0.0,0
0,0,0.0,0
0,0,0.0,0
0,0,0.0,0
0,0,0.0,0
0,0,0.0,0
0,0,0.0,0
0,0,0.0,0
0,0,0.0,0
0,0,0.0,0
0,0,0.0,0
0,0,0.0,0
0,0,0.0,0
0,0,0.0,0
0,0,0.0,0
0,0,0.0,0
0,0,0.0,0
0,0,0.0,0
0,0,0.0,0
0,0,0.0,0
0,0,0.0,0
0,0,0.0,0
0,0,0.0,0
0,0,0.0,0
0,0,0.0,0
0,0,0.0,0
0,0,0.0,0
0,0,0.0,0
0,0,0.0,0
0,0,0.0,0
0,0,0.0,0
0,0,0.0,0
0,0,0.0,0
0,0,0.0,0
0,0,0.0,0
0,0,0.0,0
0,0,0.0,0
0,0,0.0,0
0,0,0.0,0
0,0,0.0,0
0,0,0.0,0
0,0,0.0,0
0,0,0.0,0
0,0,0.0,0
0,0,0.0,0
0,0,0.0,0
0,0,0.0,0
0,0,0.0,0
0,0,0.0,0
0,0,0.0,0
0,0,0.0,0
0,0,0.0,0
0,0,0.0,0
0,0,0.0,0
0,0,0.0,0
0,0,0.0,0
0,0,0.0,0
0,0,0.0,0
0,0,0.0,0
0,0,0.0,0
0,0,0.0,0
0,0,0.0,0
0,0,0.0,0
0,0,0.0,0
0,0,0.0,0
0,0,0.0,0
0,0,0.0,0
0,0,0.0,0
0,0,0.0,0
0,0,0.0,0
0,0,0.0,0
0,0,0.0,0
0,0,0.0,0
0,0,0.0,0
0,0,0.0,0
0,0,0.0,0
0,0,0.0,0
0,0,0.0,0
0,0,0.0,0
0,0,0.0,0
0,0,0.0,0
0,0,0.0,0
0,0,0.0,0
0,0,0.0,0
0,0,0.0,0
0,0,0.0,0
0,0,0.0,0
0,0,0.0,0
0,0,0.0,0
0,0,0.0,0
0,0,0.0,0
0,0,0.0,0
0,0,0.0,0
0,0,0.0,0
0,0,0.0,0
0,0,0.0,0
0,0,0.0,0
0,0,0.0,0
0,0,0.0,0
0,0,0.0,0
0,0,0.0,0
0,0,0.0,0
0,0,0.0,0
0,0,0.0,0
0,0,0.0,0
0,0,0.0,0
0,0,0.0,0
0,0,0.0,0
0,0,0.0,0
0,0,0.0,0
0,0,0.0,0
0,0,0.0,0
0,0,0.0,0
0,0,0.0,0
0,0,0.0,0
0,0,0.0,0
0,0,0.0,0
0,0,0.0,0
0,0,0.0,0
0,0,0.0,0
0,0,0.0,0
0,0,0.0,0
0,0,0.0,0
0,0,0.0,0
0,0,0.0,0
0,0,0.0,0
0,0,0.0,0
0,0,0.0,0
0,0,0.0,0
0,0,0.0,0
0,0,0.0,0
0,0,0.0,0
0,0,0.0,0
0,0,0.0,0
0,0,0.0,0
0,0,0.0,0
0,0,0.0,0
0,0,0.0,0
0,0,0.0,0
0,0,0.0,0
0,0,0.0,0
0,0,0.0,0
0,0,0.0,0
0,0,0.0,0
0,0,0.0,0
0,0,0.0,0
0,0,0.0,0
0,0,0.0,0
0,0,0.0,0
0,0,0.0,0
0,0,0.0,0
0,0,0.0,0
0,0,0.0,0
0,0,0.0,0
0,0,0.0,0
0,0,0.0,0
0,0,0.0,0
0,0,0.0,0
0,0,0.0,0
0,0,0.0,0
0,0,0.0,0
0,0,0.0,0
0,0,0.0,0
0,0,0.0,0
0,0,0.0,0
0,0,0.0,0
0,0,0.0,0
0,0,0.0,0
0,0,0.0,0
0,0,0.0,0
0,0,0.0,0
0,0,0.0,0
0,0,0.0,0
0,0,0.0,0
0,0,0.0,0
0,0,0.0,0
0,0,0.0,0
0,0,0.0,0
0,0,0.0,0
0,0,0.0,0
0,0,0.0,0
0,0,0.0,0
0,0,0.0,0
0,0,0.0,0
0,0,0.0,0
0,0,0.0,0
0,0,0.0,0
0,0,0.0,0
0,0,0.0,0
0,0,0.0,0
0,0,0.0,0
0,0,0.0,0
0,0,0.0,0
0,0,0.0,0
0,0,0.0,0
0,0,0.0,0
0,0,0.0,0
0,0,0.0,0
0,0,0.0,0
0,0,0.0,0
0,0,0.0,0
0,0,0.0,0
0,0.0,0.0019996166229248047,2
0,0.0,0.0,4
-22.52054214477539,0.0,0.0009996891021728516,6
-22.52054214477539,-20.0,0.0009996891021728516,8
-22.52054214477539,0.0,0.0009942054748535156,11
-30.13443946838379,0.0,0.0,13
-30.13443946838379,0.0,0.0,15
-20.48039436340332,0.0,0.0,17
-20.48039436340332,-20.0,0.0,19
-20.48039436340332,-20.0,4.1484832763671875e-05,21
-19.992589950561523,0.0,0.0,23
-19.992589950561523,0.0,0.0,25
-19.992589950561523,0.0,0.0,27
-23.679018020629883,-20.0,0.0,29
-23.679018020629883,0.0,0.0,31
-23.679018020629883,0.0,0.0005195140838623047,33
-20.795822143554688,0.0,0.0009768009185791016,35
-20.795822143554688,-20.0,0.0009992122650146484,37
-20.795822143554688,-20.0,0.0010001659393310547,39
-21.587848663330078,0.0,0.0009920597076416016,40
-21.587848663330078,0.0,0.0,42
-17.99917221069336,0.0,0.0010197162628173828,44
-17.99917221069336,20.0,0.0,46
-17.99917221069336,40.0,0.0009996891021728516,49
18.851280212402344,40.0,0.0007052421569824219,50
18.851280212402344,40.0,0.0006055831909179688,53
18.851280212402344,40.0,0.0010013580322265625,55
50.95362663269043,60.0,0.0010004043579101562,57
50.95362663269043,80.0,0.0011904239654541016,59
82.54718780517578,100.0,0.0,60
82.54718780517578,120.0,0.0,62
82.54718780517578,120.0,0.0006079673767089844,64
115.95940589904785,120.0,0.0009992122650146484,67
115.95940589904785,120.0,0.0009927749633789062,69
115.95940589904785,120.0,0.0010023117065429688,71
146.65699005126953,160.0,0.0009999275207519531,73
146.65699005126953,160.0,0.0010001659393310547,75
146.65699005126953,160.0,0.0009987354278564453,77
182.46221542358398,200.0,0.0005414485931396484,79
182.46221542358398,220.0,0.0010004043579101562,81
214.9951457977295,220.0,0.0010008811950683594,83
214.9951457977295,220.0,0.0009996891021728516,85
214.9951457977295,220.0,0.0010027885437011719,87
250.7801055908203,260.0,0.000995635986328125,89
250.7801055908203,260.0,0.0006375312805175781,91
250.7801055908203,260.0,0.0010006427764892578,93
282.82904624938965,300.0,0.0010008811950683594,95
282.82904624938965,320.0,0.0009734630584716797,97
282.82904624938965,320.0,0.0010008811950683594,99
318.8586235046387,320.0,0.00099945068359375,101
318.8586235046387,320.0,0.0010018348693847656,103
318.8586235046387,320.0,0.0009849071502685547,104
350.35228729248047,360.0,0.0006024837493896484,107
350.35228729248047,360.0,0.000980377197265625,109
382.2782039642334,400.0,0.0,111
382.2782039642334,400.0,0.0,113
382.2782039642334,400.0,0.00099945068359375,115
418.14398765563965,420.0,0.0010006427764892578,117
418.14398765563965,441.0,0.0010008811950683594,119
418.14398765563965,461.0,0.0009996891021728516,121
451.1902332305908,461.0,0.001001119613647461,123
451.1902332305908,461.0,0.00099945068359375,125
451.1902332305908,461.0,0.001001119613647461,127
482.27477073669434,501.0,0.0010242462158203125,129
482.27477073669434,501.0,0.0011570453643798828,131
482.27477073669434,501.0,0.0011126995086669922,134
518.1653499603271,521.0,0.0007305145263671875,135
518.1653499603271,541.0,0.0006954669952392578,137
550.6026744842529,561.0,0.0009999275207519531,140
550.6026744842529,581.0,0.0009429454803466797,141
550.6026744842529,601.0,0.0008232593536376953,143
582.8084945678711,601.0,0.0,145
582.8084945678711,601.0,0.0006871223449707031,147
582.8084945678711,601.0,0.0010013580322265625,150
618.4020042419434,621.0,0.0006103515625,152
618.4020042419434,641.0,0.00099945068359375,154
650.8417129516602,661.0,0.0,156
650.8417129516602,681.0,0.0,158
650.8417129516602,681.0,0.0009999275207519531,160
682.725191116333,701.0,0.0005154609680175781,162
682.725191116333,721.0,0.0006542205810546875,164
682.725191116333,741.0,0.001001596450805664,166
714.179277420044,741.0,0.0,168
714.179277420044,741.0,0.0009996891021728516,170
746.3610172271729,761.0,0.0009982585906982422,172
746.3610172271729,781.0,0.0,174
746.3610172271729,781.0,0.0010039806365966797,176
782.5977802276611,781.0,0.0010004043579101562,178
782.5977802276611,801.0,0.001001596450805664,180
782.5977802276611,821.0,0.0010006427764892578,182
782.5977802276611,841.0,0.0,184
815.7384395599365,841.0,0.0010793209075927734,186
815.7384395599365,841.0,0.0006184577941894531,188
847.6526737213135,861.0,0.0011763572692871094,191
847.6526737213135,881.0,0.0009837150573730469,193
878.3438205718994,881.0,0.000591278076171875,195
878.3438205718994,881.0,0.0010013580322265625,196
878.3438205718994,881.0,0.001277923583984375,199
912.6060009002686,921.0,0.0009832382202148438,201
912.6060009002686,941.0,0.00104522705078125,203
912.6060009002686,941.0,0.0008261203765869141,204
946.258544921875,961.0,0.001001119613647461,207
946.258544921875,981.0,0.0010008811950683594,209
978.6686897277832,981.0,0.0005130767822265625,210
978.6686897277832,981.0,0.0010006427764892578,212
978.6686897277832,981.0,0.0005483627319335938,214
1015.1000022888184,1022.0,0.0010023117065429688,217
1015.1000022888184,1042.0,0.0010416507720947266,219
1015.1000022888184,1042.0,0.0009419918060302734,221
1046.3066101074219,1062.0,0.0005495548248291016,223
1046.3066101074219,1102.0,0.0010008811950683594,224
1046.3066101074219,1102.0,0.0007579326629638672,226
1082.5793743133545,1102.0,0.0006575584411621094,228
1082.5793743133545,1102.0,0.00099945068359375,231
1082.5793743133545,1102.0,0.0010006427764892578,233
1119.4865703582764,1122.0,0.0010001659393310547,235
1119.4865703582764,1142.0,0.0009996891021728516,237
1146.5253829956055,1182.0,0.001001119613647461,238
1146.5253829956055,1182.0,0.0010008811950683594,241
1146.5253829956055,1182.0,0.0010006427764892578,243
1182.5523376464844,1202.0,0.0009989738464355469,244
1182.5523376464844,1222.0,0.0,246
1182.5523376464844,1222.0,0.0005853176116943359,248
1214.5512104034424,1222.0,0.000993490219116211,251
1214.5512104034424,1222.0,0.0,253
1214.5512104034424,1222.0,0.0009999275207519531,255
1250.3230571746826,1262.0,0.0007688999176025391,256
1250.3230571746826,1282.0,0.0010819435119628906,258
1250.3230571746826,1282.0,0.0006210803985595703,260
1282.094955444336,1322.0,0.0006260871887207031,263
1282.094955444336,1322.0,0.0005612373352050781,264
1282.094955444336,1322.0,0.0009987354278564453,267
1318.9189434051514,1322.0,0.0005965232849121094,268
1318.9189434051514,1322.0,0.0011141300201416016,271
1351.0644435882568,1362.0,0.0,272
1351.0644435882568,1362.0,0.0,275
1351.0644435882568,1362.0,0.0010013580322265625,277
1382.7202320098877,1402.0,0.0010018348693847656,279
1382.7202320098877,1402.0,0.0010006427764892578,281
1382.7202320098877,1402.0,0.0010004043579101562,283
1414.4153594970703,1422.0,0.001001119613647461,285
1414.4153594970703,1442.0,0.0009989738464355469,287
1446.2127685546875,1462.0,0.0006501674652099609,288
1446.2127685546875,1462.0,0.0,290
1446.2127685546875,1462.0,0.0006725788116455078,292
1478.8792133331299,1482.0,0.0005993843078613281,294
1478.8792133331299,1502.0,0.0009987354278564453,297
1478.8792133331299,1502.0,0.0007014274597167969,299
1509.9468231201172,1522.0,0.0,301
1509.9468231201172,1542.0,0.0010008811950683594,303
1509.9468231201172,1562.0,0.0009915828704833984,305
1546.5672016143799,1562.0,0.0005137920379638672,307
1546.5672016143799,1562.0,0.0,309
1546.5672016143799,1562.0,0.0005135536193847656,311
1578.4454345703125,1582.0,0.0009853839874267578,313
1578.4454345703125,1602.0,0.0010004043579101562,315
1610.5611324310303,1622.0,0.0010008811950683594,317
1610.5611324310303,1642.0,0.0,319
1610.5611324310303,1642.0,0.0009996891021728516,321
1610.5611324310303,1642.0,0.0,323
1652.9338359832764,1662.0,0.0,325
1652.9338359832764,1682.0,0.0,327
1679.6672344207764,1702.0,0.0,329
1679.6672344207764,1702.0,0.0,331
1679.6672344207764,1702.0,0.00051116943359375,333
1709.9339962005615,1722.0,0.0,335
1709.9339962005615,1742.0,0.0,337
1709.9339962005615,1742.0,0.0,339
1746.0412979125977,1762.0,0.0,341
1746.0412979125977,1782.0,0.000985860824584961,343
1746.0412979125977,1782.0,0.0005121231079101562,345
1782.5210094451904,1802.0,0.0,347
1782.5210094451904,1822.0,0.0,349
1782.5210094451904,1822.0,0.0,351
1814.8722648620605,1822.0,0.0,353
1814.8722648620605,1822.0,0.0,355
1814.8722648620605,1822.0,0.0006525516510009766,356
1850.5256175994873,1863.0,0.0,358
1850.5256175994873,1883.0,0.0006139278411865234,360
1882.4694156646729,1883.0,0.0009999275207519531,363
1882.4694156646729,1883.0,0.0,365
1882.4694156646729,1883.0,0.00099945068359375,367
1882.4694156646729,1883.0,0.0011758804321289062,369
1918.626308441162,1923.0,0.0010004043579101562,370
1918.626308441162,1923.0,0.0006215572357177734,373
1950.6394863128662,1963.0,0.0009918212890625,374
1950.6394863128662,1983.0,0.0007288455963134766,376
1950.6394863128662,1983.0,0.0010008811950683594,379
1986.0527515411377,2003.0,0.0010013580322265625,381
1986.0527515411377,2023.0,0.0009996891021728516,383
1986.0527515411377,2023.0,0.0006330013275146484,384
2018.6455249786377,2023.0,0.0006456375122070312,386
2018.6455249786377,2023.0,0.0006537437438964844,388
2050.9109497070312,2063.0,0.0006728172302246094,390
2050.9109497070312,2083.0,0.0008108615875244141,392
2050.9109497070312,2083.0,0.0006804466247558594,395
2086.254358291626,2103.0,0.0006835460662841797,397
2086.254358291626,2123.0,0.0006096363067626953,398
2086.254358291626,2123.0,0.0009682178497314453,401
2118.1881427764893,2123.0,0.0005886554718017578,402
2118.1881427764893,2123.0,0.0010256767272949219,404
2118.1881427764893,2123.0,0.0006058216094970703,407
2150.9761810302734,2163.0,0.0010039806365966797,408
2150.9761810302734,2163.0,0.0010383129119873047,410
2150.9761810302734,2163.0,0.0006411075592041016,412
2182.612419128418,2183.0,0.0009961128234863281,415
2182.612419128418,2203.0,0.0009996891021728516,417
2214.7791385650635,2223.0,0.0,418
2214.7791385650635,2223.0,0.0,420
2214.7791385650635,2223.0,0.0005764961242675781,422
2250.553607940674,2223.0,0.0010006427764892578,425
2250.553607940674,2263.0,0.0,427
2250.553607940674,2263.0,0.0,429
2282.625198364258,2263.0,0.0,431
2282.625198364258,2283.0,0.0,433
2282.625198364258,2303.0,0.0009989738464355469,435
2314.1121864318848,2323.0,0.00011396408081054688,437
2314.1121864318848,2343.0,0.0009949207305908203,439
2346.8706607818604,2343.0,0.0,441
2346.8706607818604,2363.0,0.0,443
2346.8706607818604,2383.0,0.0009999275207519531,445
2379.763603210449,2403.0,0.0,447
2379.763603210449,2403.0,0.0,449
2379.763603210449,2403.0,0.0009760856628417969,451
2414.7143363952637,2423.0,0.0005280971527099609,453
2414.7143363952637,2443.0,0.0,455
2414.7143363952637,2463.0,0.0,457
2447.4849700927734,2463.0,0.0009837150573730469,459
2447.4849700927734,2463.0,0.0009999275207519531,461
2447.4849700927734,2463.0,0.0,463
2482.771396636963,2483.0,0.0,465
2482.771396636963,2503.0,0.0005497932434082031,467
2482.771396636963,2503.0,0.0010004043579101562,469
2515.005588531494,2523.0,0.0,471
2515.005588531494,2543.0,0.0009944438934326172,473
2515.005588531494,2543.0,0.0,475
2550.5359172821045,2563.0,0.0,477
2550.5359172821045,2583.0,0.0,479
2582.144021987915,2603.0,0.00099945068359375,481
2582.144021987915,2603.0,0.0005562305450439453,483
2582.144021987915,2603.0,0.0,485
2614.5384311676025,2623.0,0.0009996891021728516,487
2614.5384311676025,2643.0,0.0008950233459472656,489
2614.5384311676025,2643.0,0.0010008811950683594,492
2650.5017280578613,2663.0,0.0010030269622802734,493
2650.5017280578613,2683.0,0.0009996891021728516,495
2650.5017280578613,2683.0,0.0009443759918212891,498
2682.4657917022705,2683.0,0.0009884834289550781,500
2682.4657917022705,2683.0,0.0010004043579101562,502
2714.689254760742,2723.0,0.0010006427764892578,504
2714.689254760742,2723.0,0.0,506
2714.689254760742,2723.0,0.0010018348693847656,508
2750.607490539551,2763.0,0.0,510
2750.607490539551,2783.0,0.0,512
2750.607490539551,2783.0,0.0,514
2782.0956707000732,2783.0,0.0,516
2782.0956707000732,2783.0,0.0,518
2782.0956707000732,2783.0,0.0009944438934326172,520
2817.005157470703,2823.0,0.0,522
2817.005157470703,2823.0,0.0,524
2817.005157470703,2823.0,0.0009927749633789062,526
2851.0985374450684,2863.0,0.0,528
2851.0985374450684,2863.0,0.0009918212890625,530
2851.0985374450684,2863.0,0.0,532
2882.22336769104,2883.0,0.0009877681732177734,534
2882.22336769104,2903.0,0.0,536
2882.22336769104,2923.0,0.0009996891021728516,538
2914.517402648926,2923.0,0.0,540
2914.517402648926,2923.0,0.0009949207305908203,542
2914.517402648926,2923.0,0.0,544
2953.2086849212646,2963.0,0.0,546
2953.2086849212646,2963.0,0.0,548
2982.3665618896484,2983.0,0.0,550
2982.3665618896484,3003.0,0.0005276203155517578,552
2982.3665618896484,3023.0,0.0,554
3014.6970748901367,3023.0,0.0,556
3014.6970748901367,3023.0,0.0,558
3014.6970748901367,3023.0,0.0,560
3050.1151084899902,3063.0,0.0,562
3050.1151084899902,3083.0,0.0,564
3050.1151084899902,3083.0,0.0,566
3082.9668045043945,3083.0,0.0,568
3082.9668045043945,3083.0,0.0,570
3082.9668045043945,3083.0,0.0,572
3114.3887042999268,3123.0,0.0,574
3114.3887042999268,3123.0,0.0005211830139160156,576
3114.3887042999268,3123.0,0.0,578
3150.33221244812,3163.0,0.0,580
3150.33221244812,3183.0,0.0005257129669189453,582
3182.5575828552246,3183.0,0.0,584
3182.5575828552246,3183.0,0.0,586
3182.5575828552246,3183.0,0.0005209445953369141,588
3214.582681655884,3223.0,0.0,590
3214.582681655884,3223.0,0.0,592
3214.582681655884,3223.0,0.0,594
3250.4420280456543,3263.0,0.0010020732879638672,596
3250.4420280456543,3263.0,0.0010018348693847656,598
3250.4420280456543,3263.0,0.0,600
3282.7508449554443,3283.0,0.0,602
3282.7508449554443,3303.0,0.0010001659393310547,604
3282.7508449554443,3303.0,0.0,606
3318.547248840332,3323.0,0.0,608
3318.547248840332,3343.0,0.0009989738464355469,610
3318.547248840332,3363.0,0.0,612
3350.649356842041,3363.0,0.0,614
3350.649356842041,3363.0,0.00099945068359375,616
3382.7474117279053,3383.0,0.0010001659393310547,618
3382.7474117279053,3403.0,0.0,620
3382.7474117279053,3403.0,0.001001596450805664,622
3418.5075759887695,3423.0,0.0007688999176025391,624
3418.5075759887695,3443.0,0.000993967056274414,627
3418.5075759887695,3463.0,0.0009999275207519531,629
3450.5794048309326,3463.0,0.0009987354278564453,630
3450.5794048309326,3463.0,0.0005710124969482422,632
3450.5794048309326,3463.0,0.0009996891021728516,635
3482.573986053467,3483.0,0.0009851455688476562,637
3482.573986053467,3503.0,0.0010008811950683594,639
3482.573986053467,3503.0,0.0008211135864257812,640
3518.143653869629,3543.0,0.001001119613647461,643
3518.143653869629,3563.0,0.0010001659393310547,644
3550.546646118164,3563.0,0.0006933212280273438,646
3550.546646118164,3563.0,0.0005364418029785156,648
3550.546646118164,3563.0,0.0007205009460449219,650
3582.0839405059814,3583.0,0.0010302066802978516,653
3582.0839405059814,3603.0,0.0010020732879638672,655
3614.6602630615234,3623.0,0.0010001659393310547,657
3614.6602630615234,3623.0,0.0007302761077880859,659
3614.6602630615234,3623.0,0.0006017684936523438,660
3646.361827850342,3663.0,0.0,662
3646.361827850342,3663.0,0.0,664
3646.361827850342,3663.0,0.0009999275207519531,666
3682.344913482666,3683.0,0.0,668
3682.344913482666,3703.0,0.0007395744323730469,671
3682.344913482666,3703.0,0.001001119613647461,673
3715.0819301605225,3723.0,0.0009899139404296875,674
3715.0819301605225,3743.0,0.001001119613647461,677
3715.0819301605225,3763.0,0.0,679
3746.1400032043457,3763.0,0.0009889602661132812,681
3746.1400032043457,3763.0,0.0,683
3746.1400032043457,3763.0,0.0,685
3782.4621200561523,3783.0,0.0,687
3782.4621200561523,3803.0,0.0,689
3814.908266067505,3803.0,0.0,691
3814.908266067505,3823.0,0.0,693
3814.908266067505,3843.0,0.0,695
3847.0377922058105,3863.0,0.0,697
3847.0377922058105,3863.0,0.0,699
3847.0377922058105,3863.0,0.0009903907775878906,701
3882.2920322418213,3883.0,0.0,703
3882.2920322418213,3903.0,0.0010004043579101562,705
3882.2920322418213,3923.0,0.0010006427764892578,707
3915.2112007141113,3923.0,0.0009992122650146484,709
3915.2112007141113,3923.0,0.0009980201721191406,711
3946.892499923706,3963.0,0.0,713
3946.892499923706,3963.0,0.0,715
3946.892499923706,3963.0,0.001001596450805664,717
3982.4283123016357,3983.0,0.0,719
3982.4283123016357,4003.0,0.0006022453308105469,721
3982.4283123016357,4023.0,0.0,723
4014.5819187164307,4023.0,0.0,725
4014.5819187164307,4023.0,0.0010004043579101562,727
4014.5819187164307,4023.0,0.0,729
4046.097755432129,4063.0,0.0,731
4046.097755432129,4063.0,0.0010004043579101562,733
4046.097755432129,4063.0,0.001005411148071289,735
4078.3424377441406,4083.0,0.0005135536193847656,737
4078.3424377441406,4103.0,0.0010008811950683594,740
4110.044717788696,4123.0,0.0010004043579101562,742
4110.044717788696,4143.0,0.0,744
4110.044717788696,4143.0,0.0009844303131103516,746
4147.988319396973,4163.0,0.0010273456573486328,747
4147.988319396973,4203.0,0.0005152225494384766,750
4147.988319396973,4203.0,0.0006711483001708984,751
4178.5595417022705,4203.0,0.0010404586791992188,753
4178.5595417022705,4203.0,0.0,755
4178.5595417022705,4203.0,0.0005674362182617188,757
4210.608005523682,4223.0,0.0009930133819580078,760
4210.608005523682,4243.0,0.0007083415985107422,762
4246.127128601074,4283.0,0.000873565673828125,764
4246.127128601074,4283.0,0.0005245208740234375,766
4246.127128601074,4283.0,0.0009989738464355469,768
4282.440185546875,4283.0,0.001018524169921875,770
4282.440185546875,4283.0,0.0009996891021728516,772
4282.440185546875,4283.0,0.00099945068359375,774
4313.986301422119,4323.0,0.0,775
4313.986301422119,4323.0,0.00099945068359375,778
4313.986301422119,4323.0,0.0010008811950683594,780
4346.313953399658,4363.0,0.0005831718444824219,782
4346.313953399658,4383.0,0.0006434917449951172,784
4346.313953399658,4383.0,0.001039266586303711,786
4382.743358612061,4383.0,0.0006649494171142578,787
4382.743358612061,4383.0,0.0009999275207519531,790
4415.0025844573975,4423.0,0.0010004043579101562,791
4415.0025844573975,4443.0,0.0006911754608154297,794
4415.0025844573975,4443.0,0.0010266304016113281,796
4446.739673614502,4463.0,0.001001119613647461,797
4446.739673614502,4483.0,0.001001119613647461,800
4446.739673614502,4483.0,0.0009992122650146484,802
4483.044862747192,4503.0,0.001001119613647461,804
4483.044862747192,4523.0,0.0010006427764892578,806
4483.044862747192,4523.0,0.0009992122650146484,808
4514.607906341553,4523.0,0.0009944438934326172,809
4514.607906341553,4523.0,0.0005586147308349609,812
4546.276569366455,4563.0,0.0010001659393310547,813
4546.276569366455,4563.0,0.0009872913360595703,816
4546.276569366455,4563.0,0.0007100105285644531,818
4578.864097595215,4583.0,0.0010297298431396484,820
4578.864097595215,4603.0,0.0009596347808837891,822
4610.561847686768,4623.0,0.0,824
4610.561847686768,4623.0,0.0010013580322265625,826
4610.561847686768,4623.0,0.0010013580322265625,828
4646.117925643921,4663.0,0.0007126331329345703,830
4646.117925643921,4663.0,0.0,831
4646.117925643921,4663.0,0.0006067752838134766,833
4678.172826766968,4683.0,0.0010190010070800781,835
4678.172826766968,4703.0,0.0,837
4678.172826766968,4703.0,0.0005815029144287109,840
4710.761070251465,4723.0,0.00099945068359375,842
4710.761070251465,4743.0,0.0010018348693847656,844
4710.761070251465,4763.0,0.001001596450805664,846
4746.31404876709,4763.0,0.0005223751068115234,847
4746.31404876709,4763.0,0.0011014938354492188,850
4778.641939163208,4783.0,0.000514984130859375,851
4778.641939163208,4803.0,0.0010001659393310547,854
4778.641939163208,4803.0,0.0006163120269775391,856
4810.2545738220215,4823.0,0.0010020732879638672,858
4810.2545738220215,4843.0,0.0010006427764892578,860
4810.2545738220215,4843.0,0.0006914138793945312,861
4842.407941818237,4843.0,0.0011098384857177734,864
4842.407941818237,4843.0,0.001001119613647461,866
4842.407941818237,4843.0,0.0009708404541015625,868
4874.511003494263,4883.0,0.0,870
4874.511003494263,4883.0,0.0013480186462402344,872
4910.611867904663,4923.0,0.0,873
4910.611867904663,4943.0,0.0,875
4910.611867904663,4943.0,0.001153707504272461,878
4942.264080047607,4943.0,0.0009808540344238281,879
4942.264080047607,4943.0,0.0010900497436523438,881
4942.264080047607,4943.0,0.0006439685821533203,884
4974.5774269104,4983.0,0.0010001659393310547,886
4974.5774269104,4983.0,0.0009157657623291016,888
5006.909608840942,5023.0,0.0,890
5006.909608840942,5043.0,0.0,892
5006.909608840942,5043.0,0.0,894
5039.298534393311,5043.0,0.0,896
5039.298534393311,5043.0,0.001001596450805664,898
5039.298534393311,5043.0,0.0005917549133300781,900
5074.254035949707,5083.0,0.0,902
5074.254035949707,5083.0,0.001001596450805664,904
5074.254035949707,5083.0,0.0010006427764892578,906
5106.32061958313,5123.0,0.0010020732879638672,908
5106.32061958313,5123.0,0.0,910
5106.32061958313,5123.0,0.0,912
5142.865419387817,5143.0,0.0,914
5142.865419387817,5163.0,0.0,916
5142.865419387817,5183.0,0.0010020732879638672,918
5178.483247756958,5183.0,0.0,920
5178.483247756958,5183.0,0.0,922
5210.00075340271,5223.0,0.0009996891021728516,924
5210.00075340271,5223.0,0.0,926
5210.00075340271,5223.0,0.0010018348693847656,929
5242.341995239258,5243.0,0.0,930
5242.341995239258,5263.0,0.0,932
5242.341995239258,5263.0,0.0,934
5278.84840965271,5283.0,0.0,942
5310.431003570557,5323.0,0.0005993843078613281,944
5310.431003570557,5323.0,0.0010018348693847656,946
5346.807241439819,5363.0,0.0,948
5346.807241439819,5363.0,0.0,950
5346.807241439819,5363.0,0.0010004043579101562,952
5378.594875335693,5383.0,0.0,954
5378.594875335693,5403.0,0.0009911060333251953,956
5378.594875335693,5403.0,0.0,958
5414.183855056763,5423.0,0.0,960
5414.183855056763,5444.0,0.0010008811950683594,962
5414.183855056763,5464.0,0.0,964
5446.778774261475,5464.0,0.0,966
5446.778774261475,5464.0,0.0009999275207519531,969
5478.198289871216,5484.0,0.0,971
5478.198289871216,5504.0,0.0,973
5478.198289871216,5504.0,0.0007722377777099609,975
5513.990640640259,5524.0,0.0010001659393310547,977
5513.990640640259,5544.0,0.00099945068359375,979
5513.990640640259,5544.0,0.0,981
5546.836376190186,5564.0,0.0,983
5546.836376190186,5584.0,0.0,985
5546.836376190186,5604.0,0.0009965896606445312,987
5578.48596572876,5604.0,0.0009996891021728516,989
5578.48596572876,5604.0,0.0009963512420654297,991
5578.48596572876,5604.0,0.001001596450805664,993
5614.457845687866,5624.0,0.0,995
5614.457845687866,5644.0,0.0009648799896240234,997
5646.403074264526,5664.0,0.0009813308715820312,1000
5646.403074264526,5684.0,0.00099945068359375,1002
5646.403074264526,5684.0,0.0010008811950683594,1004
5678.7965297698975,5684.0,0.0005769729614257812,1006
5678.7965297698975,5684.0,0.0009999275207519531,1008
5710.447311401367,5724.0,0.0010030269622802734,1010
5710.447311401367,5744.0,0.001001119613647461,1012
5710.447311401367,5744.0,0.0009975433349609375,1014
5742.447137832642,5744.0,0.001001596450805664,1016
5742.447137832642,5744.0,0.0,1018
5742.447137832642,5744.0,0.0,1020
5778.471231460571,5784.0,0.0,1022
5778.471231460571,5784.0,0.0009908676147460938,1024
5778.471231460571,5784.0,0.0,1026
5811.842441558838,5824.0,0.0005130767822265625,1028
5811.842441558838,5844.0,0.0,1030
5811.842441558838,5844.0,0.0,1032
5842.576503753662,5844.0,0.0009882450103759766,1034
5842.576503753662,5844.0,0.000522613525390625,1036
5842.576503753662,5844.0,0.0005195140838623047,1038
5878.417253494263,5884.0,0.0006129741668701172,1040
5878.417253494263,5884.0,0.0009996891021728516,1042
5910.46929359436,5924.0,0.0,1044
5910.46929359436,5924.0,0.0,1046
5910.46929359436,5924.0,0.0009410381317138672,1048
5942.214727401733,5924.0,0.0,1050
5942.214727401733,5944.0,0.0009770393371582031,1051
5942.214727401733,5964.0,0.0006380081176757812,1053
5977.942943572998,5984.0,0.0005545616149902344,1056
5977.942943572998,6004.0,0.0010013580322265625,1058
5977.942943572998,6004.0,0.0009999275207519531,1060
6010.664701461792,6024.0,0.0009963512420654297,1062
6010.664701461792,6044.0,0.0009999275207519531,1064
6042.426347732544,6044.0,0.0010001659393310547,1065
6042.426347732544,6044.0,0.0,1067
6042.426347732544,6044.0,0.0007410049438476562,1069
6042.426347732544,6044.0,0.0009951591491699219,1072
6078.105449676514,6084.0,0.0,1074
6078.105449676514,6104.0,0.0,1076
6110.072612762451,6124.0,0.0,1078
6110.072612762451,6144.0,0.0006580352783203125,1080
6110.072612762451,6144.0,0.0011227130889892578,1082
6142.326831817627,6144.0,0.0010356903076171875,1084
6142.326831817627,6144.0,0.0010018348693847656,1086
6142.326831817627,6144.0,0.0009982585906982422,1088
6174.61371421814,6184.0,0.0005135536193847656,1090
6174.61371421814,6204.0,0.0005247592926025391,1092
6206.849813461304,6224.0,0.0009911060333251953,1094
6206.849813461304,6244.0,0.0,1095
6206.849813461304,6244.0,0.0005686283111572266,1098
6242.539644241333,6244.0,0.0009987354278564453,1100
6242.539644241333,6244.0,0.0007655620574951172,1102
6242.539644241333,6244.0,0.00099945068359375,1104
6274.680376052856,6284.0,0.0010006427764892578,1105
6274.680376052856,6284.0,0.0006754398345947266,1107
6274.680376052856,6284.0,0.0005671977996826172,1109
6306.336402893066,6324.0,0.0010249614715576172,1111
6306.336402893066,6344.0,0.0006680488586425781,1113
6338.180303573608,6344.0,0.0005640983581542969,1115
6338.180303573608,6344.0,0.00034546852111816406,1118
6338.180303573608,6344.0,0.0010008811950683594,1120
6370.920181274414,6384.0,0.0010008811950683594,1121
6370.920181274414,6404.0,0.001043558120727539,1123
6370.920181274414,6404.0,0.000545501708984375,1126
6406.352758407593,6424.0,0.0010008811950683594,1128
6406.352758407593,6444.0,0.0010006427764892578,1130
6406.352758407593,6444.0,0.0010001659393310547,1132
6438.749313354492,6444.0,0.0006940364837646484,1133
6438.749313354492,6444.0,0.0006983280181884766,1135
6438.749313354492,6444.0,0.0010006427764892578,1138
6474.50590133667,6484.0,0.0010001659393310547,1139
6474.50590133667,6504.0,0.0005657672882080078,1141
6506.779670715332,6524.0,0.0,1143
6506.779670715332,6544.0,0.0,1145
6506.779670715332,6544.0,0.0006926059722900391,1147
6542.430400848389,6544.0,0.0,1149
6542.430400848389,6544.0,0.0,1151
6542.430400848389,6544.0,0.0011599063873291016,1154
6577.557563781738,6584.0,0.000982046127319336,1156
6577.557563781738,6584.0,0.0,1157
6577.557563781738,6584.0,0.0010006427764892578,1160
6606.444835662842,6624.0,0.0010001659393310547,1162
6606.444835662842,6624.0,0.0009446144104003906,1164
6606.444835662842,6624.0,0.0010006427764892578,1166
6642.538785934448,6644.0,0.0010137557983398438,1168
6642.538785934448,6664.0,0.0010013580322265625,1170
6674.538373947144,6684.0,0.0010213851928710938,1171
6674.538373947144,6684.0,0.00109100341796875,1173
6674.538373947144,6684.0,0.0012652873992919922,1176
6710.367918014526,6724.0,0.001001596450805664,1178
6710.367918014526,6724.0,0.0009984970092773438,1180
6710.367918014526,6724.0,0.0010018348693847656,1182
6746.604681015015,6764.0,0.000993967056274414,1183
6746.604681015015,6764.0,0.0005629062652587891,1185
6746.604681015015,6764.0,0.0010018348693847656,1188
6779.095649719238,6784.0,0.0008432865142822266,1189
6779.095649719238,6804.0,0.0008633136749267578,1191
6779.095649719238,6824.0,0.0009968280792236328,1194
6810.097217559814,6824.0,0.001001119613647461,1195
6810.097217559814,6824.0,0.0,1197
6842.146873474121,6844.0,0.0010013580322265625,1200
6842.146873474121,6864.0,0.0005195140838623047,1202
6842.146873474121,6884.0,0.0009961128234863281,1204
6874.396085739136,6884.0,0.0,1206
6874.396085739136,6884.0,0.0,1208
6874.396085739136,6884.0,0.0010013580322265625,1210
6909.978866577148,6924.0,0.0,1212
6909.978866577148,6924.0,0.0,1214
6909.978866577148,6924.0,0.0,1216
6943.2079792022705,6944.0,0.0,1218
6943.2079792022705,6964.0,0.0,1220
6943.2079792022705,6964.0,0.0,1222
6974.493503570557,7004.0,0.0,1224
6974.493503570557,7024.0,0.0010004043579101562,1226
6974.493503570557,7024.0,0.0,1228
7010.515928268433,7024.0,0.0005137920379638672,1230
7010.515928268433,7024.0,0.0010023117065429688,1232
7042.427062988281,7044.0,0.0,1234
7042.427062988281,7064.0,0.0010004043579101562,1236
7042.427062988281,7064.0,0.0,1238
7074.719667434692,7084.0,0.0,1240
7074.719667434692,7104.0,0.0,1242
7074.719667434692,7104.0,0.0,1244
7111.43159866333,7124.0,0.000576019287109375,1246
7111.43159866333,7144.0,0.0009763240814208984,1248
7111.43159866333,7164.0,0.0,1250
7142.611980438232,7164.0,0.0,1252
7142.611980438232,7164.0,0.0,1254
7174.621343612671,7184.0,0.0,1256
7174.621343612671,7204.0,0.0,1258
7174.621343612671,7224.0,0.0010004043579101562,1260
7206.42614364624,7224.0,0.0010013580322265625,1262
7206.42614364624,7224.0,0.0,1264
7206.42614364624,7224.0,0.0,1266
7238.116025924683,7244.0,0.0005223751068115234,1268
7238.116025924683,7264.0,0.0009298324584960938,1270
7238.116025924683,7264.0,0.000621795654296875,1272
7274.143934249878,7284.0,0.0009999275207519531,1275
7274.143934249878,7304.0,0.0005536079406738281,1277
7306.768894195557,7324.0,0.0009975433349609375,1279
7306.768894195557,7344.0,0.0009834766387939453,1281
7306.768894195557,7364.0,0.0009999275207519531,1283
7339.3049240112305,7364.0,0.0009996891021728516,1285
7339.3049240112305,7364.0,0.001001119613647461,1287
7339.3049240112305,7364.0,0.0010004043579101562,1289
7375.55193901062,7384.0,0.000997304916381836,1291
7375.55193901062,7404.0,0.0009996891021728516,1293
7375.55193901062,7404.0,0.0005981922149658203,1294
7406.319856643677,7424.0,0.0009837150573730469,1296
7406.319856643677,7444.0,0.0006990432739257812,1298
7406.319856643677,7444.0,0.0010004043579101562,1301
7442.095041275024,7444.0,0.0,1303
7442.095041275024,7444.0,0.0,1305
7442.095041275024,7444.0,0.0,1306
7480.423450469971,7484.0,0.0005764961242675781,1308
7480.423450469971,7504.0,0.0011060237884521484,1311
7510.662078857422,7524.0,0.0009999275207519531,1312
7510.662078857422,7544.0,0.0007734298706054688,1314
7510.662078857422,7544.0,0.0006337165832519531,1317
7543.169260025024,7544.0,0.0006995201110839844,1319
7543.169260025024,7544.0,0.0009996891021728516,1321
7543.169260025024,7544.0,0.0,1323
7578.967571258545,7584.0,0.0,1325
7578.967571258545,7584.0,0.0009899139404296875,1327
7578.967571258545,7584.0,0.0,1329
7611.880540847778,7625.0,0.0009865760803222656,1331
7611.880540847778,7645.0,0.0,1333
7611.880540847778,7645.0,0.0009577274322509766,1335
7646.279335021973,7685.0,0.0009922981262207031,1337
7646.279335021973,7685.0,0.0005345344543457031,1339
7678.599119186401,7685.0,0.0009999275207519531,1341
7678.599119186401,7685.0,0.0,1342
7678.599119186401,7685.0,0.0009980201721191406,1344
7710.147857666016,7725.0,0.0010006427764892578,1347
7710.147857666016,7745.0,0.0005574226379394531,1348
7710.147857666016,7745.0,0.0008170604705810547,1350
7747.4610805511475,7765.0,0.0005171298980712891,1353
7747.4610805511475,7785.0,0.0006487369537353516,1355
7747.4610805511475,7805.0,0.0010004043579101562,1356
7774.294853210449,7805.0,0.0005185604095458984,1359
7774.294853210449,7805.0,0.0009922981262207031,1361
7774.294853210449,7805.0,0.0010020732879638672,1363
7810.675621032715,7825.0,0.0009756088256835938,1365
7810.675621032715,7845.0,0.0010006427764892578,1367
7842.230796813965,7845.0,0.0010023117065429688,1369
7842.230796813965,7845.0,0.0008602142333984375,1370
7842.230796813965,7845.0,0.0009999275207519531,1372
7878.600835800171,7885.0,0.0006873607635498047,1374
7878.600835800171,7885.0,0.0010013580322265625,1377
7878.600835800171,7885.0,0.0009989738464355469,1379
7906.692743301392,7925.0,0.0010001659393310547,1380
7906.692743301392,7945.0,0.00099945068359375,1383
7906.692743301392,7945.0,0.0009810924530029297,1385
7938.870668411255,7945.0,0.0009996891021728516,1387
7938.870668411255,7945.0,0.0,1389
7971.601963043213,7985.0,0.0,1391
7971.601963043213,7985.0,0.0009999275207519531,1393
8002.117156982422,8005.0,0.0,1395
8002.117156982422,8025.0,0.0,1397
8002.117156982422,8045.0,0.0005726814270019531,1399
8038.79451751709,8045.0,0.0009872913360595703,1401
8038.79451751709,8045.0,0.0,1403
8038.79451751709,8045.0,0.0009996891021728516,1405
8070.294141769409,8085.0,0.0,1407
8070.294141769409,8085.0,0.0,1409
8070.294141769409,8085.0,0.0,1411
8103.195667266846,8105.0,0.0,1413
8103.195667266846,8125.0,0.0010061264038085938,1415
8103.195667266846,8125.0,0.0006244182586669922,1417
8138.695955276489,8145.0,0.0006372928619384766,1419
8138.695955276489,8165.0,0.0,1421
8138.695955276489,8185.0,0.0005888938903808594,1423
8170.367956161499,8185.0,0.0005176067352294922,1426
8170.367956161499,8185.0,0.0009989738464355469,1428
8170.367956161499,8185.0,0.0009999275207519531,1430
8206.403732299805,8225.0,0.0005202293395996094,1432
8206.403732299805,8225.0,0.0010001659393310547,1434
8238.582134246826,8245.0,0.0010006427764892578,1436
8238.582134246826,8265.0,0.0006086826324462891,1438
8238.582134246826,8265.0,0.0007922649383544922,1439
8274.863481521606,8285.0,0.0007014274597167969,1442
8274.863481521606,8305.0,0.001001119613647461,1443
8274.863481521606,8325.0,0.0005631446838378906,1445
8306.878328323364,8325.0,0.0010008811950683594,1448
8306.878328323364,8325.0,0.0009987354278564453,1450
8306.878328323364,8325.0,0.0005712509155273438,1452
8338.454484939575,8345.0,0.0010874271392822266,1454
8338.454484939575,8365.0,0.0010004043579101562,1456
8338.454484939575,8365.0,0.0,1458
8374.290227890015,8385.0,0.0002579689025878906,1460
8374.290227890015,8405.0,0.0,1462
8406.981229782104,8425.0,0.0,1464
8406.981229782104,8425.0,0.0,1466
8406.981229782104,8425.0,0.0,1468
8438.233613967896,8445.0,0.0,1470
8438.233613967896,8465.0,0.0,1472
8438.233613967896,8465.0,0.0,1474
8477.124452590942,8485.0,0.0,1476
8477.124452590942,8505.0,0.0010006427764892578,1478
8477.124452590942,8505.0,0.0,1480
8506.786584854126,8525.0,0.0,1482
8506.786584854126,8565.0,0.0,1484
8506.786584854126,8565.0,0.000988006591796875,1486
8542.773723602295,8565.0,0.0,1488
8542.773723602295,8565.0,0.0009951591491699219,1490
8542.773723602295,8565.0,0.0,1492
8574.626684188843,8585.0,0.0,1494
8574.626684188843,8605.0,0.0,1496
8574.626684188843,8605.0,0.0005271434783935547,1498
8615.410327911377,8625.0,0.0,1500
8615.410327911377,8645.0,0.0,1502
8615.410327911377,8645.0,0.0,1504
8642.782926559448,8645.0,0.0007238388061523438,1506
8642.782926559448,8645.0,0.0009996891021728516,1508
8642.782926559448,8645.0,0.0009877681732177734,1510
8678.741455078125,8685.0,0.0,1512
8678.741455078125,8705.0,0.0,1514
8710.724353790283,8725.0,0.0,1516
8710.724353790283,8745.0,0.00015664100646972656,1518
8710.724353790283,8745.0,0.0,1520
8710.724353790283,8745.0,0.0,1522
8747.917890548706,8765.0,0.0,1524
8747.917890548706,8785.0,0.0,1526
8775.28715133667,8805.0,0.0,1528
8775.28715133667,8805.0,0.0,1530
8775.28715133667,8805.0,0.000980377197265625,1532
8805.96947669983,8825.0,0.0,1534
8805.96947669983,8845.0,0.0010006427764892578,1536
8838.8090133667,8845.0,0.0,1538
8838.8090133667,8845.0,0.000514984130859375,1540
8838.8090133667,8845.0,0.001001119613647461,1542
8870.93997001648,8885.0,0.0,1544
8870.93997001648,8905.0,0.0,1546
8870.93997001648,8905.0,0.0010006427764892578,1548
8906.625986099243,8925.0,0.0,1550
8906.625986099243,8945.0,0.0,1552
8906.625986099243,8945.0,0.0,1554
8938.15016746521,8945.0,0.0,1556
8938.15016746521,8945.0,0.0010008811950683594,1558
8938.15016746521,8945.0,0.001001119613647461,1560
8975.565433502197,8985.0,0.0009999275207519531,1562
8975.565433502197,9005.0,0.0009992122650146484,1564
8975.565433502197,9005.0,0.0,1566
9006.571531295776,9025.0,0.0,1568
9006.571531295776,9045.0,0.0010006427764892578,1570
9006.571531295776,9065.0,0.0,1572
9042.818307876587,9065.0,0.0,1574
9042.818307876587,9065.0,0.0008709430694580078,1576
9074.438095092773,9085.0,0.0,1578
9074.438095092773,9105.0,0.0,1580
9074.438095092773,9105.0,0.0009999275207519531,1582
9110.318183898926,9125.0,0.0,1584
9110.318183898926,9145.0,0.0,1586
9110.318183898926,9145.0,0.0,1588
9142.136096954346,9145.0,0.0010013580322265625,1590
9142.136096954346,9145.0,0.0010001659393310547,1592
9142.136096954346,9145.0,0.00099945068359375,1595
9178.618907928467,9185.0,0.001001119613647461,1597
9178.618907928467,9185.0,0.0009999275207519531,1599
9178.618907928467,9185.0,0.0009992122650146484,1601
9210.167407989502,9225.0,0.0,1603
9210.167407989502,9245.0,0.0005452632904052734,1605
9242.265224456787,9245.0,0.0,1607
9242.265224456787,9245.0,0.0,1609
9242.265224456787,9245.0,0.0,1611
9278.018236160278,9285.0,0.0008530616760253906,1613
9278.018236160278,9285.0,0.001001119613647461,1615
9278.018236160278,9285.0,0.0,1617
9311.505794525146,9325.0,0.0,1619
9311.505794525146,9325.0,0.0010006427764892578,1621
9311.505794525146,9325.0,0.0,1623
9342.512607574463,9345.0,0.0,1625
9342.512607574463,9365.0,0.0010001659393310547,1627
9342.512607574463,9365.0,0.0,1629
9378.511667251587,9385.0,0.0,1631
9378.511667251587,9405.0,0.00099945068359375,1633
9410.547971725464,9425.0,0.0,1635
9410.547971725464,9425.0,0.0006685256958007812,1637
9410.547971725464,9425.0,0.0010008811950683594,1639
9442.403078079224,9445.0,0.0,1641
9442.403078079224,9465.0,0.0,1643
9442.403078079224,9465.0,0.0006351470947265625,1645
9478.9457321167,9485.0,0.0,1647
9478.9457321167,9505.0,0.0010004043579101562,1649
9478.9457321167,9525.0,0.0005865097045898438,1651
9509.958267211914,9525.0,0.0008389949798583984,1653
9509.958267211914,9525.0,0.00099945068359375,1655
9509.958267211914,9525.0,0.0,1657
9542.671203613281,9545.0,0.0,1659
9542.671203613281,9565.0,0.0,1661
9574.284791946411,9585.0,0.0,1663
9574.284791946411,9605.0,0.0,1665
9574.284791946411,9605.0,0.0010004043579101562,1667
9606.83822631836,9605.0,0.0,1669
9606.83822631836,9625.0,0.0,1671
9606.83822631836,9645.0,0.0010008811950683594,1673
9642.079591751099,9665.0,0.0,1675
9642.079591751099,9665.0,0.0009944438934326172,1677
9642.079591751099,9665.0,0.001001596450805664,1679
9674.981594085693,9685.0,0.0,1681
9674.981594085693,9705.0,0.0,1683
9674.981594085693,9705.0,0.0,1685
9706.560134887695,9725.0,0.0005159378051757812,1687
9706.560134887695,9745.0,0.0,1689
9706.560134887695,9765.0,0.0009899139404296875,1691
9742.57516860962,9765.0,0.0009908676147460938,1693
9742.57516860962,9765.0,0.0009999275207519531,1695
9774.41692352295,9785.0,0.0,1697
9774.41692352295,9805.0,0.0005142688751220703,1699
9774.41692352295,9805.0,0.0,1701
9806.566715240479,9825.0,0.0,1703
9806.566715240479,9845.0,0.0,1705
9806.566715240479,9845.0,0.0009868144989013672,1707
9842.442274093628,9845.0,0.0,1709
9842.442274093628,9845.0,0.0007815361022949219,1711
9842.442274093628,9845.0,0.0010008811950683594,1713
9874.75323677063,9885.0,0.0,1715
9874.75323677063,9905.0,0.0009996891021728516,1717
9874.75323677063,9905.0,0.00099945068359375,1719
9905.958652496338,9925.0,0.0,1721
9905.958652496338,9945.0,0.0009686946868896484,1723
9905.958652496338,9965.0,0.0010008811950683594,1726
9942.153215408325,9965.0,0.0012364387512207031,1728
9942.153215408325,9965.0,0.0005917549133300781,1729
9974.699974060059,9985.0,0.0010004043579101562,1732
9974.699974060059,10005.0,0.0010001659393310547,1734
9974.699974060059,10005.0,0.001001119613647461,1736
10007.524013519287,10025.0,0.0009684562683105469,1738
10007.524013519287,10045.0,0.0005180835723876953,1739
10007.524013519287,10065.0,0.0012035369873046875,1742
10043.284893035889,10065.0,0.0008747577667236328,1743
10043.284893035889,10065.0,0.0,1745
10074.704647064209,10105.0,0.00066375732421875,1747
10074.704647064209,10105.0,0.000659942626953125,1749
10074.704647064209,10105.0,0.0010006427764892578,1751
10106.585502624512,10125.0,0.0006043910980224609,1753
10106.585502624512,10145.0,0.0010013580322265625,1756
10106.585502624512,10165.0,0.0009989738464355469,1757
10142.992496490479,10165.0,0.0005459785461425781,1760
10142.992496490479,10165.0,0.0007102489471435547,1761
10142.992496490479,10165.0,0.0,1763
10174.534320831299,10185.0,0.0006244182586669922,1765
10174.534320831299,10205.0,0.0006043910980224609,1767
10206.937551498413,10225.0,0.0010001659393310547,1769
10206.937551498413,10245.0,0.0006184577941894531,1771
10206.937551498413,10245.0,0.0007493495941162109,1773
10238.147497177124,10245.0,0.0,1775
10238.147497177124,10245.0,0.0,1777
10238.147497177124,10245.0,0.0009996891021728516,1779
10274.688005447388,10285.0,0.0,1781
10274.688005447388,10305.0,0.0,1783
10274.688005447388,10305.0,0.0008432865142822266,1785
10306.708097457886,10325.0,0.0008084774017333984,1787
10306.708097457886,10345.0,0.0009992122650146484,1789
10306.708097457886,10345.0,0.0,1791
10338.504076004028,10345.0,0.0,1793
10338.504076004028,10345.0,0.0005860328674316406,1795
10338.504076004028,10345.0,0.0006754398345947266,1797
10374.114513397217,10385.0,0.0005609989166259766,1799
10374.114513397217,10385.0,0.0006020069122314453,1802
10405.918598175049,10425.0,0.0009996891021728516,1804
10405.918598175049,10425.0,0.0009999275207519531,1806
10405.918598175049,10425.0,0.0009992122650146484,1808
10439.515113830566,10445.0,0.0010023117065429688,1809
10439.515113830566,10465.0,0.0007236003875732422,1811
10439.515113830566,10485.0,0.0,1813
10470.149040222168,10485.0,0.0005369186401367188,1816
10470.149040222168,10485.0,0.0009992122650146484,1817
10502.586126327515,10505.0,0.0006220340728759766,1819
10502.586126327515,10525.0,0.0,1821
10502.586126327515,10525.0,0.0010898113250732422,1824
10537.962436676025,10545.0,0.0010004043579101562,1826
10537.962436676025,10565.0,0.0009999275207519531,1828
10537.962436676025,10565.0,0.0006737709045410156,1829
10570.524215698242,10585.0,0.0009815692901611328,1831
10570.524215698242,10605.0,0.0009856224060058594,1833
10570.524215698242,10605.0,0.0006232261657714844,1835
10602.903842926025,10605.0,0.0006165504455566406,1837
10602.903842926025,10605.0,0.0007200241088867188,1839
10602.903842926025,10605.0,0.0005156993865966797,1841
10638.618230819702,10645.0,0.0013318061828613281,1843
10638.618230819702,10645.0,0.0010018348693847656,1846
10666.823387145996,10685.0,0.0006005764007568359,1847
10666.823387145996,10705.0,0.0,1849
10666.823387145996,10705.0,0.0,1851
10702.336311340332,10705.0,0.0,1853
10702.336311340332,10705.0,0.0,1855
10702.336311340332,10705.0,0.0,1857
10734.535455703735,10745.0,0.0005216598510742188,1859
10734.535455703735,10745.0,0.0012581348419189453,1862
10734.535455703735,10745.0,0.0010013580322265625,1864
10770.090818405151,10785.0,0.0,1866
10770.090818405151,10805.0,0.0,1868
10802.135229110718,10805.0,0.0,1870
10802.135229110718,10805.0,0.0,1872
10802.135229110718,10805.0,0.0,1874
10802.135229110718,10805.0,0.0,1876
10841.970920562744,10845.0,0.0,1878
10841.970920562744,10845.0,0.0,1880
10870.989322662354,10885.0,0.0,1882
10870.989322662354,10885.0,0.000990152359008789,1884
10870.989322662354,10885.0,0.0010025501251220703,1886
10902.533531188965,10905.0,0.0009884834289550781,1888
10902.533531188965,10925.0,0.0,1890
10902.533531188965,10925.0,0.0,1892
10938.330173492432,10945.0,0.0,1894
10938.330173492432,10965.0,0.0,1896
10938.330173492432,10985.0,0.0009984970092773438,1898
10974.374532699585,10985.0,0.0,1900
10974.374532699585,10985.0,0.0010001659393310547,1902
10974.374532699585,10985.0,0.0009987354278564453,1904
11006.548404693604,11025.0,0.0,1906
11006.548404693604,11025.0,0.0009996891021728516,1908
11006.548404693604,11025.0,0.0010006427764892578,1910
11038.124799728394,11045.0,0.0010402202606201172,1912
11038.124799728394,11065.0,0.0009999275207519531,1914
11074.371337890625,11085.0,0.0006432533264160156,1916
11074.371337890625,11105.0,0.0009918212890625,1918
11074.371337890625,11125.0,0.0009999275207519531,1920
11106.21452331543,11125.0,0.0,1922
11106.21452331543,11125.0,0.000583648681640625,1925
11138.766765594482,11145.0,0.000980377197265625,1927
11138.766765594482,11165.0,0.0,1928
11138.766765594482,11165.0,0.0005619525909423828,1930
11174.344062805176,11185.0,0.0009927749633789062,1933
11174.344062805176,11205.0,0.0,1935
11174.344062805176,11205.0,0.001001119613647461,1937
11206.307172775269,11225.0,0.0,1939
11206.307172775269,11245.0,0.0009794235229492188,1941
11206.307172775269,11265.0,0.000997781753540039,1943
11238.497734069824,11265.0,0.0005123615264892578,1945
11238.497734069824,11265.0,0.0,1947
11270.054578781128,11285.0,0.0,1949
11270.054578781128,11305.0,0.0,1951
11270.054578781128,11305.0,0.0,1953
11302.202939987183,11305.0,0.0,1955
11302.202939987183,11305.0,0.0,1957
11302.202939987183,11305.0,0.001001596450805664,1959
11338.61231803894,11345.0,0.0,1961
11338.61231803894,11365.0,0.0009996891021728516,1963
11338.61231803894,11365.0,0.0,1965
11370.605945587158,11385.0,0.0009484291076660156,1967
11370.605945587158,11405.0,0.0010013580322265625,1969
11370.605945587158,11405.0,0.0010008811950683594,1971
11402.675867080688,11405.0,0.001001596450805664,1973
11402.675867080688,11405.0,0.0009992122650146484,1975
11402.675867080688,11405.0,0.0009860992431640625,1977
11438.675880432129,11445.0,0.0,1979
11438.675880432129,11445.0,0.0010001659393310547,1981
11470.871686935425,11486.0,0.0,1983
11470.871686935425,11506.0,0.0,1985
11470.871686935425,11506.0,0.0,1987
11502.894639968872,11506.0,0.0,1989
11502.894639968872,11506.0,0.0006330013275146484,1991
11502.894639968872,11506.0,0.0005972385406494141,1993
11538.324117660522,11546.0,0.0,1995
11538.324117660522,11566.0,0.0010459423065185547,1997
11538.324117660522,11566.0,0.0010526180267333984,2000
11570.616483688354,11586.0,0.0010013580322265625,2002
11570.616483688354,11606.0,0.001001596450805664,2004
11602.902889251709,11606.0,0.0010008811950683594,2006
11602.902889251709,11606.0,0.0006628036499023438,2008
11602.902889251709,11606.0,0.0009996891021728516,2010
11638.047456741333,11646.0,0.0010001659393310547,2012
11638.047456741333,11646.0,0.0010013580322265625,2014
11638.047456741333,11646.0,0.0,2016
11670.047521591187,11686.0,0.0009996891021728516,2018
11670.047521591187,11706.0,0.0,2020
11670.047521591187,11706.0,0.0009999275207519531,2022
11702.053785324097,11706.0,0.0,2024
11702.053785324097,11706.0,0.0009419918060302734,2026
11734.554767608643,11746.0,0.0010302066802978516,2028
11734.554767608643,11746.0,0.001001119613647461,2030
11734.554767608643,11746.0,0.0010018348693847656,2032
11766.860723495483,11786.0,0.0003409385681152344,2034
11766.860723495483,11786.0,0.0,2036
11766.860723495483,11786.0,0.0010006427764892578,2038
11803.009033203125,11806.0,0.0,2040
11803.009033203125,11826.0,0.0,2042
11803.009033203125,11826.0,0.0,2044
11834.548473358154,11846.0,0.0,2046
11834.548473358154,11866.0,0.0,2048
11866.283178329468,11886.0,0.0,2050
11866.283178329468,11886.0,0.0,2052
11866.283178329468,11886.0,0.0010008811950683594,2054
11902.407169342041,11906.0,0.0,2056
11902.407169342041,11926.0,0.0,2058
11902.407169342041,11926.0,0.0005514621734619141,2060
11934.285402297974,11946.0,0.0009884834289550781,2063
11934.285402297974,11966.0,0.0,2064
11934.285402297974,11966.0,0.0006051063537597656,2067
11970.330238342285,11966.0,0.0010001659393310547,2069
11970.330238342285,11986.0,0.0010006427764892578,2071
11970.330238342285,12026.0,0.0009882450103759766,2073
11970.330238342285,12026.0,0.001001119613647461,2075
12012.487649917603,12026.0,0.0005586147308349609,2077
12012.487649917603,12026.0,0.0005514621734619141,2079
12042.125463485718,12046.0,0.0005130767822265625,2081
12042.125463485718,12066.0,0.0010728836059570312,2083
12070.220947265625,12086.0,0.0005354881286621094,2085
12070.220947265625,12106.0,0.000989675521850586,2087
12070.220947265625,12106.0,0.0009992122650146484,2089
12106.114625930786,12106.0,0.0009739398956298828,2091
12106.114625930786,12126.0,0.0,2092
12106.114625930786,12146.0,0.0009996891021728516,2095
12106.114625930786,12166.0,0.0010004043579101562,2096
12148.697137832642,12166.0,0.0,2098
12148.697137832642,12166.0,0.0005617141723632812,2101
12174.495458602905,12186.0,0.0010018348693847656,2103
12174.495458602905,12206.0,0.0010008811950683594,2105
12174.495458602905,12206.0,0.0009999275207519531,2107
12206.303596496582,12206.0,0.0010268688201904297,2108
12206.303596496582,12246.0,0.0005962848663330078,2110
12238.314390182495,12266.0,0.0010004043579101562,2113
12238.314390182495,12266.0,0.0,2114
12238.314390182495,12266.0,0.0006170272827148438,2117
12271.411418914795,12286.0,0.0007166862487792969,2119
12271.411418914795,12306.0,0.0005323886871337891,2120
12271.411418914795,12306.0,0.0009021759033203125,2123
12306.793212890625,12326.0,0.00099945068359375,2125
12306.793212890625,12346.0,0.0005295276641845703,2127
12306.793212890625,12346.0,0.0006098747253417969,2129
12338.35744857788,12346.0,0.0005133152008056641,2130
12338.35744857788,12346.0,0.0006647109985351562,2132
12370.144128799438,12386.0,0.0008330345153808594,2134
12370.144128799438,12406.0,0.000986337661743164,2137
12370.144128799438,12406.0,0.0005691051483154297,2139
12370.144128799438,12406.0,0.00099945068359375,2141
12412.978887557983,12426.0,0.0006086826324462891,2143
12412.978887557983,12446.0,0.0009980201721191406,2145
12439.141988754272,12446.0,0.0,2147
12439.141988754272,12446.0,0.000978708267211914,2149
12439.141988754272,12446.0,0.0,2151
12470.120906829834,12486.0,0.0,2153
12470.120906829834,12486.0,0.0,2155
12502.254962921143,12506.0,0.0,2157
12502.254962921143,12526.0,0.0,2159
12502.254962921143,12526.0,0.0009829998016357422,2161
12536.915063858032,12546.0,0.0,2163
12536.915063858032,12566.0,0.0009989738464355469,2165
12536.915063858032,12586.0,0.00099945068359375,2167
12566.87593460083,12586.0,0.0,2169
12566.87593460083,12586.0,0.00099945068359375,2171
12598.70982170105,12606.0,0.0,2173
12598.70982170105,12626.0,0.0,2175
12598.70982170105,12626.0,0.0,2177
12630.054235458374,12646.0,0.0,2179
12630.054235458374,12666.0,0.0,2181
12630.054235458374,12686.0,0.0,2183
12662.37998008728,12686.0,0.0005307197570800781,2185
12662.37998008728,12686.0,0.0,2187
12662.37998008728,12686.0,0.0,2189
12698.589086532593,12706.0,0.0005660057067871094,2191
12698.589086532593,12726.0,0.0005662441253662109,2193
12730.193138122559,12746.0,0.0010335445404052734,2196
12730.193138122559,12766.0,0.0010006427764892578,2197
12730.193138122559,12766.0,0.0010018348693847656,2200
12763.476610183716,12766.0,0.0007288455963134766,2202
12763.476610183716,12766.0,0.0010004043579101562,2203
12763.476610183716,12766.0,0.0010867118835449219,2206
12798.48837852478,12806.0,0.0010018348693847656,2208
12798.48837852478,12806.0,0.0009911060333251953,2210
12798.48837852478,12806.0,0.0,2211
12829.911231994629,12846.0,0.0,2213
12829.911231994629,12866.0,0.0010018348693847656,2215
12829.911231994629,12866.0,0.0010006427764892578,2217
12866.740942001343,12886.0,0.0,2219
12866.740942001343,12906.0,0.0010023117065429688,2221
12866.740942001343,12906.0,0.0,2223
12898.526430130005,12906.0,0.0005223751068115234,2225
12898.526430130005,12906.0,0.0010001659393310547,2227
12898.526430130005,12906.0,0.0005750656127929688,2230
12934.121131896973,12946.0,0.0010905265808105469,2232
12934.121131896973,12946.0,0.0009932518005371094,2234
12934.121131896973,12946.0,0.0009438991546630859,2236
12969.984292984009,12986.0,0.0009999275207519531,2238
12969.984292984009,13006.0,0.0,2240
12998.246431350708,13006.0,0.0,2242
12998.246431350708,13006.0,0.0,2244
12998.246431350708,13006.0,0.0,2246
13033.994436264038,13046.0,0.000993490219116211,2248
13033.994436264038,13046.0,0.0,2250
13033.994436264038,13046.0,0.0010020732879638672,2252
13066.608190536499,13086.0,0.0010001659393310547,2254
13066.608190536499,13086.0,0.0010001659393310547,2256
13066.608190536499,13086.0,0.0010006427764892578,2258
13102.617025375366,13106.0,0.0,2260
13102.617025375366,13126.0,0.001001596450805664,2262
13136.008262634277,13146.0,0.0,2264
13136.008262634277,13146.0,0.0010001659393310547,2266
13136.008262634277,13146.0,0.0009989738464355469,2268
13170.299291610718,13186.0,0.0,2270
13170.299291610718,13186.0,0.0,2272
13170.299291610718,13186.0,0.0006973743438720703,2274
13202.325820922852,13206.0,0.0,2276
13202.325820922852,13226.0,0.0005180835723876953,2278
13202.325820922852,13226.0,0.001010894775390625,2281
13238.77239227295,13246.0,0.0010008811950683594,2283
13238.77239227295,13266.0,0.0010001659393310547,2285
13238.77239227295,13286.0,0.0009999275207519531,2287
13272.34673500061,13286.0,0.000986337661743164,2289
13272.34673500061,13286.0,0.0009889602661132812,2291
13272.34673500061,13286.0,0.0009987354278564453,2293
13306.464672088623,13326.0,0.0,2295
13306.464672088623,13326.0,0.0010013580322265625,2297
13306.464672088623,13326.0,0.00099945068359375,2299
13338.595628738403,13346.0,0.0,2301
13338.595628738403,13366.0,0.0,2303
13370.620965957642,13386.0,0.0,2305
13370.620965957642,13406.0,0.000659942626953125,2306
13370.620965957642,13426.0,0.0009868144989013672,2308
13405.487298965454,13426.0,0.0005691051483154297,2310
13405.487298965454,13426.0,0.0,2312
13405.487298965454,13426.0,0.0,2314
13434.890985488892,13446.0,0.0,2316
13434.890985488892,13466.0,0.0008561611175537109,2318
13434.890985488892,13466.0,0.0005629062652587891,2320
13470.537424087524,13486.0,0.0009760856628417969,2322
13470.537424087524,13506.0,0.0006029605865478516,2324
13501.936674118042,13526.0,0.00099945068359375,2327
13501.936674118042,13526.0,0.001001119613647461,2328
13501.936674118042,13526.0,0.0009915828704833984,2330
13540.080785751343,13566.0,0.0,2332
13540.080785751343,13566.0,0.0010268688201904297,2334
13540.080785751343,13566.0,0.0006418228149414062,2337
13567.59238243103,13586.0,0.0007879734039306641,2338
13567.59238243103,13606.0,0.0010094642639160156,2341
13598.288774490356,13626.0,0.0010008811950683594,2343
13598.288774490356,13626.0,0.00099945068359375,2345
13598.288774490356,13626.0,0.0,2347
13630.489110946655,13646.0,0.0008046627044677734,2348
13630.489110946655,13666.0,0.001001596450805664,2351
13662.775993347168,13666.0,0.0009992122650146484,2353
13662.775993347168,13666.0,0.0009822845458984375,2355
13662.775993347168,13666.0,0.0009999275207519531,2357
13697.98755645752,13706.0,0.0009996891021728516,2359
13697.98755645752,13706.0,0.0009996891021728516,2361
13697.98755645752,13706.0,0.0009989738464355469,2362
13730.987548828125,13746.0,0.0010495185852050781,2365
13730.987548828125,13766.0,0.0009927749633789062,2367
13730.987548828125,13766.0,0.0010004043579101562,2369
13762.639999389648,13766.0,0.0005247592926025391,2371
13762.639999389648,13766.0,0.0010001659393310547,2373
13762.639999389648,13766.0,0.0005571842193603516,2375
13798.794031143188,13806.0,0.0009963512420654297,2377
13798.794031143188,13826.0,0.0009999275207519531,2379
13830.851078033447,13846.0,0.0,2381
13830.851078033447,13866.0,0.0009992122650146484,2383
13830.851078033447,13866.0,0.0005877017974853516,2385
13866.774559020996,13866.0,0.0,2386
13866.774559020996,13886.0,0.0013058185577392578,2388
13866.774559020996,13906.0,0.001001119613647461,2390
13897.863149642944,13926.0,0.001001596450805664,2392
13897.863149642944,13926.0,0.0005714893341064453,2394
13897.863149642944,13926.0,0.0009999275207519531,2397
13935.827732086182,13946.0,0.0009999275207519531,2399
13935.827732086182,13966.0,0.0010001659393310547,2401
13935.827732086182,13966.0,0.0005793571472167969,2403
13966.496229171753,13986.0,0.000988006591796875,2405
13966.496229171753,14006.0,0.0,2407
13998.6093044281,14026.0,0.0,2409
13998.6093044281,14026.0,0.0,2411
13998.6093044281,14026.0,0.0009856224060058594,2413
14033.91146659851,14046.0,0.0009908676147460938,2415
14033.91146659851,14066.0,0.0,2417
14033.91146659851,14066.0,0.0,2419
14070.171356201172,14086.0,0.0,2421
14070.171356201172,14106.0,0.0,2423
14070.171356201172,14106.0,0.0010006427764892578,2425
14102.147102355957,14106.0,0.000978708267211914,2427
14102.147102355957,14106.0,0.0010001659393310547,2429
14102.147102355957,14106.0,0.0010001659393310547,2431
14139.664649963379,14146.0,0.0,2433
14139.664649963379,14166.0,0.00099945068359375,2435
14139.664649963379,14166.0,0.0,2437
14170.662641525269,14186.0,0.0005180835723876953,2439
14170.662641525269,14206.0,0.0009989738464355469,2441
14202.170610427856,14206.0,0.0,2443
14202.170610427856,14206.0,0.0,2445
14202.170610427856,14206.0,0.0,2447
14202.170610427856,14206.0,0.0,2449
14238.965034484863,14246.0,0.0,2451
14238.965034484863,14266.0,0.0009930133819580078,2453
14270.554542541504,14286.0,0.0,2455
14270.554542541504,14306.0,0.0,2457
14270.554542541504,14306.0,0.0,2459
14302.555561065674,14306.0,0.0,2461
14302.555561065674,14306.0,0.0,2463
14302.555561065674,14306.0,0.00099945068359375,2465
14334.104299545288,14346.0,0.0,2467
14334.104299545288,14346.0,0.0,2469
14334.104299545288,14346.0,0.0,2471
14366.325855255127,14386.0,0.0008852481842041016,2473
14366.325855255127,14406.0,0.0009987354278564453,2475
14366.325855255127,14406.0,0.0010001659393310547,2477
14402.873516082764,14406.0,0.0,2479
14402.873516082764,14406.0,0.0,2481
14402.873516082764,14406.0,0.0009887218475341797,2483
14433.97045135498,14446.0,0.0,2485
14433.97045135498,14446.0,0.0,2487
14466.757774353027,14486.0,0.0,2489
14466.757774353027,14486.0,0.0,2491
14466.757774353027,14486.0,0.0,2493
14502.737522125244,14506.0,0.0,2495
14502.737522125244,14526.0,0.0009999275207519531,2497
14502.737522125244,14546.0,0.0,2499
14535.331010818481,14546.0,0.0,2501
14535.331010818481,14546.0,0.0,2503
14535.331010818481,14546.0,0.0,2505
14566.330671310425,14586.0,0.0,2507
14566.330671310425,14586.0,0.0010013580322265625,2509
14598.693370819092,14606.0,0.0006306171417236328,2511
14598.693370819092,14626.0,0.0010008811950683594,2513
14598.693370819092,14646.0,0.0008242130279541016,2515
14631.527662277222,14646.0,0.0005130767822265625,2517
14631.527662277222,14646.0,0.0,2519
14631.527662277222,14646.0,0.0010006427764892578,2521
14666.478633880615,14686.0,0.0006511211395263672,2523
14666.478633880615,14686.0,0.0,2525
14666.478633880615,14686.0,0.0,2527
14698.883771896362,14706.0,0.0,2529
14698.883771896362,14726.0,0.0009992122650146484,2531
14698.883771896362,14726.0,0.0010323524475097656,2533
14734.88736152649,14746.0,0.0010020732879638672,2536
14734.88736152649,14766.0,0.001001596450805664,2538
14768.392086029053,14786.0,0.0010006427764892578,2540
14768.392086029053,14786.0,0.0009853839874267578,2542
14768.392086029053,14786.0,0.0,2544
14802.634477615356,14806.0,0.0,2546
14802.634477615356,14806.0,0.0,2548
14802.634477615356,14826.0,0.0,2550
14834.283113479614,14846.0,0.0,2552
14834.283113479614,14866.0,0.0,2554
14834.283113479614,14866.0,0.0,2556
14866.581916809082,14886.0,0.0005280971527099609,2558
14866.581916809082,14906.0,0.000980377197265625,2560
14866.581916809082,14926.0,0.0,2562
14901.893377304077,14926.0,0.0009891986846923828,2564
14901.893377304077,14926.0,0.0010006427764892578,2566
14930.780172348022,14946.0,0.0,2568
14930.780172348022,14966.0,0.0,2570
14930.780172348022,14966.0,0.0010006427764892578,2572
14966.557025909424,14986.0,0.0,2574
14966.557025909424,15006.0,0.0009975433349609375,2576
14966.557025909424,15006.0,0.0009992122650146484,2578
14998.86441230774,15006.0,0.0,2580
14998.86441230774,15006.0,0.0005118846893310547,2582
14998.86441230774,15006.0,0.0,2584
15030.386686325073,15046.0,0.0,2586
15030.386686325073,15066.0,0.001001119613647461,2588
15063.254833221436,15066.0,0.0,2590
15063.254833221436,15066.0,0.0009975433349609375,2592
15063.254833221436,15066.0,0.0,2594
15094.87509727478,15106.0,0.0009932518005371094,2596
15094.87509727478,15106.0,0.0010116100311279297,2598
15094.87509727478,15106.0,0.001001119613647461,2600
15130.190134048462,15146.0,0.0,2602
15130.190134048462,15146.0,0.0009837150573730469,2604
15130.190134048462,15146.0,0.0005614757537841797,2607
15161.998510360718,15166.0,0.0007326602935791016,2609
15161.998510360718,15186.0,0.0,2611
15161.998510360718,15206.0,0.0,2613
15198.392868041992,15206.0,0.0,2615
15198.392868041992,15206.0,0.0009975433349609375,2617
15230.468034744263,15246.0,0.0,2619
15230.468034744263,15246.0,0.0,2621
15230.468034744263,15246.0,0.0,2623
15230.468034744263,15246.0,0.0009982585906982422,2625
15270.61152458191,15286.0,0.0,2627
15270.61152458191,15306.0,0.0009913444519042969,2629
15298.021793365479,15306.0,0.0,2631
15298.021793365479,15306.0,0.0,2633
15298.021793365479,15306.0,0.0,2635
15330.524921417236,15346.0,0.0,2637
15330.524921417236,15346.0,0.0,2639
15330.524921417236,15346.0,0.0010001659393310547,2641
15366.599559783936,15386.0,0.0,2643
15366.599559783936,15386.0,0.0,2645
15366.599559783936,15386.0,0.001001119613647461,2647
15402.686834335327,15406.0,0.0,2649
15402.686834335327,15426.0,0.0,2651
15402.686834335327,15446.0,0.0,2653
15434.065580368042,15446.0,0.0,2655
15434.065580368042,15446.0,0.0010004043579101562,2657
15434.065580368042,15446.0,0.0010001659393310547,2659
15466.363906860352,15486.0,0.0,2661
15466.363906860352,15486.0,0.0008001327514648438,2663
15466.363906860352,15486.0,0.0010004043579101562,2665
15502.295732498169,15506.0,0.0,2667
15502.295732498169,15526.0,0.0010004043579101562,2669
15534.076929092407,15546.0,0.0,2671
15534.076929092407,15566.0,0.0007295608520507812,2673
15534.076929092407,15586.0,0.0010013580322265625,2676
15566.078186035156,15586.0,0.001003265380859375,2677
15566.078186035156,15586.0,0.0007300376892089844,2680
15566.078186035156,15586.0,0.0006527900695800781,2681
15602.894306182861,15626.0,0.0,2683
15602.894306182861,15626.0,0.0005650520324707031,2686
15634.312152862549,15646.0,0.0009992122650146484,2688
15634.312152862549,15666.0,0.0,2690
15634.312152862549,15686.0,0.0009658336639404297,2692
15666.631698608398,15686.0,0.0010001659393310547,2694
15666.631698608398,15686.0,0.0010006427764892578,2696
15666.631698608398,15686.0,0.00099945068359375,2698
15698.51279258728,15706.0,0.0010271072387695312,2700
15698.51279258728,15726.0,0.0009872913360595703,2702
15730.522155761719,15746.0,0.0010006427764892578,2703
15730.522155761719,15766.0,0.0009996891021728516,2705
15730.522155761719,15766.0,0.0010006427764892578,2708
15730.522155761719,15766.0,0.0008077621459960938,2710
15766.125440597534,15806.0,0.0006127357482910156,2712
15766.125440597534,15826.0,0.0009996891021728516,2714
15798.444032669067,15826.0,0.0009992122650146484,2715
15798.444032669067,15826.0,0.0009980201721191406,2717
15798.444032669067,15826.0,0.0006952285766601562,2719
15830.443620681763,15846.0,0.0005209445953369141,2721
15830.443620681763,15866.0,0.0013134479522705078,2723
15830.443620681763,15866.0,0.0008411407470703125,2725
15866.469860076904,15886.0,0.0005505084991455078,2727
15866.469860076904,15906.0,0.0010828971862792969,2729
15898.662805557251,15906.0,0.0005109310150146484,2731
15898.662805557251,15906.0,0.00099945068359375,2734
15898.662805557251,15906.0,0.0005402565002441406,2735
15934.397220611572,15946.0,0.0009999275207519531,2737
15934.397220611572,15966.0,0.0,2739
15934.397220611572,15966.0,0.0006430149078369141,2741
15967.127799987793,15986.0,0.0010018348693847656,2744
15967.127799987793,16006.0,0.0009996891021728516,2746
15967.127799987793,16006.0,0.0006020069122314453,2748
15998.88277053833,16006.0,0.000518798828125,2749
15998.88277053833,16006.0,0.0010008811950683594,2752
15998.88277053833,16006.0,0.0,2754
16034.247875213623,16046.0,0.0,2756
16034.247875213623,16066.0,0.0009889602661132812,2758
16066.945314407349,16086.0,0.0,2760
16066.945314407349,16106.0,0.0,2762
16066.945314407349,16106.0,0.0005407333374023438,2764
16098.764657974243,16106.0,0.0,2766
16098.764657974243,16106.0,0.0,2768
16098.764657974243,16106.0,0.0009810924530029297,2770
16134.83190536499,16146.0,0.001001596450805664,2772
16134.83190536499,16146.0,0.0,2774
16134.83190536499,16146.0,0.0,2776
16166.664600372314,16186.0,0.0,2778
16166.664600372314,16206.0,0.0,2780
16166.664600372314,16206.0,0.0,2782
16198.034048080444,16206.0,0.0007739067077636719,2784
16198.034048080444,16206.0,0.0009992122650146484,2786
16198.034048080444,16206.0,0.0,2788
16234.68828201294,16246.0,0.0009818077087402344,2790
16234.68828201294,16246.0,0.0009911060333251953,2792
16266.579866409302,16286.0,0.0,2794
16266.579866409302,16286.0,0.0,2796
16266.579866409302,16286.0,0.00099945068359375,2798
16298.254251480103,16306.0,0.0,2800
16298.254251480103,16326.0,0.0,2802
16298.254251480103,16326.0,0.0,2804
16330.347537994385,16346.0,0.0,2806
16330.347537994385,16367.0,0.000993967056274414,2808
16330.347537994385,16387.0,0.0010006427764892578,2810
16361.917972564697,16387.0,0.0,2812
16361.917972564697,16387.0,0.0010004043579101562,2814
16361.917972564697,16387.0,0.0,2816
16398.89430999756,16407.0,0.0007736682891845703,2818
16398.89430999756,16427.0,0.0009996891021728516,2820
16430.851936340332,16447.0,0.0,2822
16430.851936340332,16467.0,0.0,2824
16430.851936340332,16467.0,0.0010004043579101562,2826
16462.727308273315,16467.0,0.0,2828
16462.727308273315,16467.0,0.0,2830
16462.727308273315,16467.0,0.0005948543548583984,2832
16497.24555015564,16507.0,0.0010004043579101562,2836
16497.24555015564,16527.0,0.0,2838
16526.384830474854,16527.0,0.0010013580322265625,2840
16526.384830474854,16527.0,0.001001119613647461,2842
16526.384830474854,16527.0,0.0010001659393310547,2844
16562.996864318848,16567.0,0.0006041526794433594,2846
16562.996864318848,16567.0,0.0,2848
16562.996864318848,16567.0,0.0,2850
16594.714403152466,16607.0,0.0,2852
16594.714403152466,16607.0,0.0009796619415283203,2854
16630.433320999146,16648.0,0.0010006427764892578,2856
16630.433320999146,16668.0,0.0,2858
16630.433320999146,16668.0,0.001001119613647461,2860
16662.305116653442,16668.0,0.0,2862
16662.305116653442,16668.0,0.0,2864
16662.305116653442,16668.0,0.0,2866
16698.86326789856,16708.0,0.0009992122650146484,2868
16698.86326789856,16708.0,0.0010006427764892578,2870
16698.86326789856,16708.0,0.0005395412445068359,2872
16730.870246887207,16748.0,0.0005159378051757812,2875
16730.870246887207,16768.0,0.00099945068359375,2877
16762.61329650879,16768.0,0.0009930133819580078,2879
16762.61329650879,16768.0,0.0,2881
16762.61329650879,16768.0,0.0,2883
16762.61329650879,16768.0,0.0,2885
16798.547506332397,16808.0,0.0006172657012939453,2887
16798.547506332397,16808.0,0.0,2889
16798.547506332397,16808.0,0.0,2891
16834.485292434692,16848.0,0.0009829998016357422,2893
16834.485292434692,16848.0,0.0010001659393310547,2895
16866.53232574463,16868.0,0.0009999275207519531,2897
16866.53232574463,16889.0,0.0,2899
16866.53232574463,16909.0,0.0005767345428466797,2901
16898.04220199585,16909.0,0.0,2903
16898.04220199585,16909.0,0.0,2905
16898.04220199585,16909.0,0.0009999275207519531,2907
16934.616565704346,16949.0,0.0009996891021728516,2909
16934.616565704346,16949.0,0.001001596450805664,2911
16934.616565704346,16949.0,0.0,2913
16966.61138534546,16969.0,0.0,2915
16966.61138534546,16989.0,0.00099945068359375,2917
16997.99609184265,17009.0,0.0,2919
16997.99609184265,17009.0,0.0,2921
16997.99609184265,17009.0,0.001001119613647461,2923
17030.535221099854,17049.0,0.0,2925
17030.535221099854,17049.0,0.0007398128509521484,2927
17030.535221099854,17049.0,0.0007028579711914062,2929
17062.516450881958,17069.0,0.0,2932
17062.516450881958,17089.0,0.0010008811950683594,2934
17062.516450881958,17089.0,0.0009999275207519531,2935
17098.246335983276,17109.0,0.0,2937
17098.246335983276,17129.0,0.0010006427764892578,2939
17130.264043807983,17149.0,0.0009989738464355469,2941
17130.264043807983,17149.0,0.0016024112701416016,2944
17130.264043807983,17149.0,0.0,2946
17163.39635848999,17169.0,0.0010907649993896484,2948
17163.39635848999,17189.0,0.0010018348693847656,2950
17163.39635848999,17189.0,0.0,2951
17198.580980300903,17209.0,0.0,2953
17198.580980300903,17229.0,0.0010576248168945312,2956
17230.12924194336,17229.0,0.0010027885437011719,2958
17230.12924194336,17229.0,0.001003265380859375,2960
17230.12924194336,17229.0,0.0010001659393310547,2961
17261.960983276367,17269.0,0.0,2963
17261.960983276367,17289.0,0.0005133152008056641,2965
17261.960983276367,17289.0,0.0010006427764892578,2968
17298.142194747925,17289.0,0.0009999275207519531,2970
17298.142194747925,17329.0,0.0010001659393310547,2972
17298.142194747925,17349.0,0.0009999275207519531,2974
17330.289125442505,17349.0,0.0,2976
17330.289125442505,17349.0,0.0,2978
17330.289125442505,17349.0,0.0,2980
17362.311363220215,17369.0,0.0,2982
17362.311363220215,17389.0,0.0009949207305908203,2984
17362.311363220215,17389.0,0.00099945068359375,2986
17398.286819458008,17409.0,0.0,2988
17398.286819458008,17430.0,0.0009980201721191406,2990
17429.951667785645,17450.0,0.0,2992
17429.951667785645,17450.0,0.0,2994
17429.951667785645,17450.0,0.000989675521850586,2996
17462.648630142212,17470.0,0.0,2998
17462.648630142212,17490.0,0.0,3000
17462.648630142212,17490.0,0.0,3002
17498.286724090576,17510.0,0.0,3004
17498.286724090576,17530.0,0.0,3006
17498.286724090576,17530.0,0.0,3008
17530.083894729614,17550.0,0.0,3010
17530.083894729614,17571.0,0.0,3012
17530.083894729614,17591.0,0.000989675521850586,3014
17566.6081905365,17591.0,0.0,3016
17566.6081905365,17591.0,0.0,3018
17566.6081905365,17591.0,0.0005927085876464844,3020
17598.563194274902,17591.0,0.0009992122650146484,3022
17598.563194274902,17591.0,0.0009915828704833984,3024
17630.133152008057,17631.0,0.001001596450805664,3026
17630.133152008057,17631.0,0.0009992122650146484,3028
17630.133152008057,17631.0,0.0010001659393310547,3030
17666.851043701172,17631.0,0.0010273456573486328,3032
17666.851043701172,17671.0,0.0009810924530029297,3033
17666.851043701172,17711.0,0.0006158351898193359,3036
17698.20809364319,17711.0,0.00099945068359375,3038
17698.20809364319,17711.0,0.0005753040313720703,3040
17698.20809364319,17711.0,0.0005207061767578125,3042
17730.875253677368,17731.0,0.0009996891021728516,3044
17730.875253677368,17751.0,0.0010008811950683594,3046
17730.875253677368,17771.0,0.0009839534759521484,3048
17766.821146011353,17771.0,0.0010013580322265625,3050
17766.821146011353,17771.0,0.0009887218475341797,3052
17798.632860183716,17811.0,0.0008270740509033203,3054
17798.632860183716,17811.0,0.0,3056
17798.632860183716,17811.0,0.0,3058
17831.060647964478,17851.0,0.0,3060
17831.060647964478,17851.0,0.0,3062
17831.060647964478,17851.0,0.0,3064
17862.724781036377,17871.0,0.0,3066
17862.724781036377,17891.0,0.0009992122650146484,3068
17894.449710845947,17911.0,0.0,3070
17894.449710845947,17931.0,0.0,3072
17894.449710845947,17951.0,0.0010025501251220703,3074
17894.449710845947,17951.0,0.0,3076
17930.09090423584,17951.0,0.0,3078
17930.09090423584,17951.0,0.0009996891021728516,3080
17962.316274642944,17971.0,0.0,3082
17962.316274642944,17991.0,0.0009999275207519531,3084
17962.316274642944,17991.0,0.0,3086
17994.83370780945,18031.0,0.0005936622619628906,3088
17994.83370780945,18051.0,0.001001596450805664,3090
17994.83370780945,18051.0,0.0007402896881103516,3092
18029.988288879395,18051.0,0.0009810924530029297,3094
18029.988288879395,18051.0,0.0010020732879638672,3096
18029.988288879395,18051.0,0.0,3098
18062.411308288574,18071.0,0.0,3100
18062.411308288574,18091.0,0.0005459785461425781,3102
18094.7585105896,18111.0,0.0007255077362060547,3104
18094.7585105896,18131.0,0.0006852149963378906,3106
18094.7585105896,18131.0,0.0006756782531738281,3108
18130.382299423218,18131.0,0.0009987354278564453,3110
18130.382299423218,18131.0,0.0011057853698730469,3112
18130.382299423218,18131.0,0.0008187294006347656,3114
18162.619829177856,18171.0,0.0010018348693847656,3116
18162.619829177856,18171.0,0.0005128383636474609,3118
18194.509029388428,18212.0,0.0009996891021728516,3121
18194.509029388428,18232.0,0.0010004043579101562,3123
18194.509029388428,18232.0,0.0010004043579101562,3124
