timestamp;X;Y;Z
2.59017276763916;-0.12404888866840265;0.2278002858332495;-0.709
2.5911612510681152;-0.12404888866840265;0.2278002858332495;-0.709
2.5918264389038086;-0.12404888866840265;0.2278002858332495;-0.709
2.5928139686584473;-0.12782462428484453;0.2254837052202368;-0.705
2.5928139686584473;-0.12782462428484453;0.2254837052202368;-0.705
2.593806028366089;-0.12782462428484453;0.2254837052202368;-0.705
2.593806028366089;-0.12782462428484453;0.2254837052202368;-0.705
2.5948052406311035;-0.13328879238451213;0.22514756483352213;-0.697
2.5958058834075928;-0.13328879238451213;0.22514756483352213;-0.697
2.596806287765503;-0.13328879238451213;0.22514756483352213;-0.697
2.5977964401245117;-0.13328879238451213;0.22514756483352213;-0.697
2.59879732131958;-0.13328879238451213;0.22514756483352213;-0.697
2.599797010421753;-0.1348374717484567;0.22711686213289592;-0.692
2.599797010421753;-0.1348374717484567;0.22711686213289592;-0.692
2.599797010421753;-0.1348374717484567;0.22711686213289592;-0.692
2.599797010421753;-0.1348374717484567;0.22711686213289592;-0.692
2.599797010421753;-0.1348374717484567;0.22711686213289592;-0.692
2.599797010421753;-0.1348374717484567;0.2292962471739664;-0.692
2.600796699523926;-0.1348374717484567;0.2292962471739664;-0.692
2.600796699523926;-0.1348374717484567;0.2292962471739664;-0.692
2.600796699523926;-0.1348374717484567;0.2292962471739664;-0.692
2.600796699523926;-0.1348374717484567;0.2292962471739664;-0.692
2.6015586853027344;-0.13214481403048983;0.23410680536607234;-0.705
2.6015586853027344;-0.13214481403048983;0.23410680536607234;-0.705
2.6015586853027344;-0.13214481403048983;0.23410680536607234;-0.705
2.6015586853027344;-0.13214481403048983;0.23410680536607234;-0.705
2.602513074874878;-0.12620170436726466;0.2299487962529048;-0.709
2.602513074874878;-0.12620170436726466;0.2299487962529048;-0.709
2.602513074874878;-0.12620170436726466;0.2299487962529048;-0.709
2.602513074874878;-0.12620170436726466;0.2299487962529048;-0.709
2.602513074874878;-0.12620170436726466;0.2299487962529048;-0.709
2.602513074874878;-0.1251273544567791;0.22747867468014193;-0.701
2.602513074874878;-0.1251273544567791;0.22747867468014193;-0.701
2.602513074874878;-0.1251273544567791;0.22747867468014193;-0.701
2.6032943725585938;-0.1251273544567791;0.22747867468014193;-0.701
2.6032943725585938;-0.1282862151838724;0.22493747709182546;-0.692
2.6032943725585938;-0.1282862151838724;0.22493747709182546;-0.692
2.6032943725585938;-0.1282862151838724;0.22493747709182546;-0.692
2.6032943725585938;-0.1282862151838724;0.22493747709182546;-0.692
2.604282855987549;-0.1282862151838724;0.22493747709182546;-0.692
2.604802370071411;-0.13433669266301718;0.22476940689846808;-0.688
2.605802536010742;-0.13433669266301718;0.22476940689846808;-0.688
2.605802536010742;-0.13433669266301718;0.22476940689846808;-0.688
2.605802536010742;-0.13433669266301718;0.22476940689846808;-0.688
2.605802536010742;-0.13702122393665145;0.2314756322150369;-0.692
2.605802536010742;-0.13702122393665145;0.2314756322150369;-0.692
2.605802536010742;-0.13702122393665145;0.2314756322150369;-0.692
2.606445550918579;-0.13702122393665145;0.2314756322150369;-0.692
2.6074373722076416;-0.13961209847191555;0.23224358301550674;-0.713
2.608407974243164;-0.13961209847191555;0.23224358301550674;-0.713
2.608407974243164;-0.13961209847191555;0.23224358301550674;-0.713
2.608407974243164;-0.13961209847191555;0.23224358301550674;-0.713
2.608407974243164;-0.13961209847191555;0.23224358301550674;-0.713
2.609403133392334;-0.13317548889721148;0.2343848288183585;-0.713
2.609403133392334;-0.13317548889721148;0.2343848288183585;-0.713
2.609403133392334;-0.13317548889721148;0.2343848288183585;-0.713
2.609403133392334;-0.13317548889721148;0.2343848288183585;-0.713
2.6103737354278564;-0.13317548889721148;0.2343848288183585;-0.713
2.611345052719116;-0.12620170436726466;0.23209730667256012;-0.709
2.611345052719116;-0.12620170436726466;0.23209730667256012;-0.709
2.611345052719116;-0.12620170436726466;0.23209730667256012;-0.709
2.6123158931732178;-0.12620170436726466;0.23209730667256012;-0.709
2.6132843494415283;-0.12620170436726466;0.23209730667256012;-0.709
2.6137990951538086;-0.12620170436726466;0.2278002858332495;-0.709
2.6137990951538086;-0.12620170436726466;0.2278002858332495;-0.709
2.6137990951538086;-0.12620170436726466;0.2278002858332495;-0.709
2.6147947311401367;-0.12620170436726466;0.2278002858332495;-0.709
2.615823984146118;-0.1282862151838724;0.22275809205075495;-0.692
2.6163995265960693;-0.1282862151838724;0.22275809205075495;-0.692
2.6163995265960693;-0.1282862151838724;0.22275809205075495;-0.692
2.617398977279663;-0.1282862151838724;0.22275809205075495;-0.692
2.618159294128418;-0.1348374717484567;0.22493747709182546;-0.692
2.619138717651367;-0.1348374717484567;0.22493747709182546;-0.692
2.619138717651367;-0.1348374717484567;0.22493747709182546;-0.692
2.620159149169922;-0.1348374717484567;0.22493747709182546;-0.692
2.6206741333007812;-0.13763809882600003;0.23165847764372022;-0.697
2.621673345565796;-0.13763809882600003;0.23165847764372022;-0.697
2.6223762035369873;-0.13763809882600003;0.23165847764372022;-0.697
2.6234071254730225;-0.13763809882600003;0.23165847764372022;-0.697
2.6243772506713867;-0.13763809882600003;0.23165847764372022;-0.697
2.6243772506713867;-0.13961209847191555;0.2343848288183585;-0.713
2.62534499168396;-0.13961209847191555;0.2343848288183585;-0.713
2.62534499168396;-0.13961209847191555;0.2343848288183585;-0.713
2.6262400150299072;-0.13961209847191555;0.2343848288183585;-0.713
2.6267592906951904;-0.1315525689796316;0.23452384054450157;-0.717
2.6277318000793457;-0.1315525689796316;0.23452384054450157;-0.717
2.62870192527771;-0.1315525689796316;0.23452384054450157;-0.717
2.6296937465667725;-0.1315525689796316;0.23452384054450157;-0.717
2.630544900894165;-0.1315525689796316;0.23452384054450157;-0.717
2.631516218185425;-0.12673887932250744;0.23224358301550674;-0.713
2.632547378540039;-0.12673887932250744;0.23224358301550674;-0.713
2.633537769317627;-0.12673887932250744;0.23224358301550674;-0.713
2.6345627307891846;-0.12673887932250744;0.23224358301550674;-0.713
2.6355340480804443;-0.12620170436726466;0.22350326499393885;-0.709
2.636563777923584;-0.12620170436726466;0.22350326499393885;-0.709
2.6375949382781982;-0.12620170436726466;0.22350326499393885;-0.709
2.63861083984375;-0.12620170436726466;0.22350326499393885;-0.709
2.639127016067505;-0.1282862151838724;0.22493747709182546;-0.692
2.6401939392089844;-0.1282862151838724;0.22493747709182546;-0.692
2.641221284866333;-0.1282862151838724;0.22493747709182546;-0.692
2.6422433853149414;-0.1282862151838724;0.22493747709182546;-0.692
2.6432697772979736;-0.1282862151838724;0.22493747709182546;-0.692
2.6443910598754883;-0.1348374717484567;0.22711686213289592;-0.692
2.6454110145568848;-0.1348374717484567;0.22711686213289592;-0.692
2.6464033126831055;-0.1348374717484567;0.22711686213289592;-0.692
2.6474037170410156;-0.1348374717484567;0.22711686213289592;-0.692
2.6479177474975586;-0.14047572331700353;0.23462809933910886;-0.72
2.648968458175659;-0.14047572331700353;0.23462809933910886;-0.72
2.649984836578369;-0.14047572331700353;0.23462809933910886;-0.72
2.6510095596313477;-0.14047572331700353;0.23462809933910886;-0.72
2.651982545852661;-0.13532102542211286;0.23652607462121025;-0.713
2.6529712677001953;-0.13532102542211286;0.23652607462121025;-0.713
2.653513193130493;-0.13532102542211286;0.23652607462121025;-0.713
2.6545138359069824;-0.13532102542211286;0.23652607462121025;-0.713
2.6552116870880127;-0.13532102542211286;0.23652607462121025;-0.713
2.6562113761901855;-0.129944207409973;0.23466285227064465;-0.721
2.6572229862213135;-0.129944207409973;0.23466285227064465;-0.721
2.6577341556549072;-0.129944207409973;0.23466285227064465;-0.721
2.65873384475708;-0.129944207409973;0.23466285227064465;-0.721
2.659733772277832;-0.1245933427976061;0.23224358301550674;-0.713
2.6604363918304443;-0.1245933427976061;0.23224358301550674;-0.713
2.661454916000366;-0.1245933427976061;0.23224358301550674;-0.713
2.662425994873047;-0.1245933427976061;0.23224358301550674;-0.713
2.663062334060669;-0.12620170436726466;0.22565177541359416;-0.709
2.6640372276306152;-0.12620170436726466;0.22565177541359416;-0.709
2.665058135986328;-0.12620170436726466;0.22565177541359416;-0.709
2.6660454273223877;-0.12620170436726466;0.22565177541359416;-0.709
2.6670455932617188;-0.13046996737206717;0.22275809205075495;-0.692
2.668046712875366;-0.13046996737206717;0.22275809205075495;-0.692
2.669036865234375;-0.13046996737206717;0.22275809205075495;-0.692
2.6697232723236084;-0.13046996737206717;0.22275809205075495;-0.692
2.6707229614257812;-0.13702122393665145;0.2314756322150369;-0.692
2.671720266342163;-0.13702122393665145;0.2314756322150369;-0.692
2.672719955444336;-0.13702122393665145;0.2314756322150369;-0.692
2.674199342727661;-0.13702122393665145;0.2314756322150369;-0.692
2.6751933097839355;-0.13702122393665145;0.2314756322150369;-0.692
2.6771931648254395;-0.13981275204674398;0.23382878191378623;-0.697
2.678191900253296;-0.13981275204674398;0.23382878191378623;-0.697
2.6791889667510986;-0.13981275204674398;0.23382878191378623;-0.697
2.680177688598633;-0.13981275204674398;0.23382878191378623;-0.697
2.681178331375122;-0.13981275204674398;0.23382878191378623;-0.697
2.6821770668029785;-0.13746656194701418;0.23652607462121025;-0.713
2.6831750869750977;-0.13746656194701418;0.23652607462121025;-0.713
2.6847171783447266;-0.13746656194701418;0.23652607462121025;-0.713
2.6852989196777344;-0.13746656194701418;0.23652607462121025;-0.713
2.6862893104553223;-0.13746656194701418;0.23652607462121025;-0.713
2.687288761138916;-0.1294143116286909;0.23452384054450157;-0.717
2.687288761138916;-0.1294143116286909;0.23452384054450157;-0.717
2.6882846355438232;-0.1294143116286909;0.23452384054450157;-0.717
2.6892685890197754;-0.1294143116286909;0.23452384054450157;-0.717
2.69085431098938;-0.1245933427976061;0.230102337212655;-0.713
2.6918540000915527;-0.1245933427976061;0.230102337212655;-0.713
2.692403793334961;-0.1245933427976061;0.230102337212655;-0.713
2.6933929920196533;-0.1245933427976061;0.230102337212655;-0.713
2.694392681121826;-0.1251273544567791;0.22531563502687946;-0.701
2.6957156658172607;-0.1251273544567791;0.22531563502687946;-0.701
2.6967155933380127;-0.1251273544567791;0.22531563502687946;-0.701
2.698234796524048;-0.1251273544567791;0.22531563502687946;-0.701
2.699223279953003;-0.1282862151838724;0.22493747709182546;-0.692
2.7002060413360596;-0.1282862151838724;0.22493747709182546;-0.692
2.7015345096588135;-0.1282862151838724;0.22493747709182546;-0.692
2.7025322914123535;-0.1282862151838724;0.22493747709182546;-0.692
2.703570604324341;-0.1282862151838724;0.22493747709182546;-0.692
2.704540729522705;-0.13265371956026192;0.22711686213289592;-0.692
2.7055420875549316;-0.13265371956026192;0.22711686213289592;-0.692
2.7065441608428955;-0.13265371956026192;0.22711686213289592;-0.692
2.7075374126434326;-0.13265371956026192;0.22711686213289592;-0.692
2.7085378170013428;-0.13430490890331248;0.23410680536607234;-0.705
2.709815263748169;-0.13430490890331248;0.23410680536607234;-0.705
2.710848569869995;-0.13430490890331248;0.23410680536607234;-0.705
2.71186900138855;-0.13430490890331248;0.23410680536607234;-0.705
2.7134103775024414;-0.1288844158474088;0.23652607462121025;-0.713
2.714409828186035;-0.1288844158474088;0.23652607462121025;-0.713
2.7154035568237305;-0.1288844158474088;0.23652607462121025;-0.713
2.71640944480896;-0.1288844158474088;0.23652607462121025;-0.713
2.7174344062805176;-0.1288844158474088;0.23652607462121025;-0.713
2.7184038162231445;-0.12299953957586882;0.23452384054450157;-0.717
2.719404935836792;-0.12299953957586882;0.23452384054450157;-0.717
2.720402240753174;-0.12299953957586882;0.23452384054450157;-0.717
2.721571207046509;-0.12299953957586882;0.23452384054450157;-0.717
2.7225639820098877;-0.12189607296954065;0.23209730667256012;-0.709
2.7235636711120605;-0.12189607296954065;0.23209730667256012;-0.709
2.724374532699585;-0.12189607296954065;0.23209730667256012;-0.709
2.7249672412872314;-0.12189607296954065;0.23209730667256012;-0.709
2.7259654998779297;-0.12189607296954065;0.23209730667256012;-0.709
2.7275516986846924;-0.1224155262807924;0.22514756483352213;-0.697
2.7285523414611816;-0.1224155262807924;0.22514756483352213;-0.697
2.72957706451416;-0.1224155262807924;0.22514756483352213;-0.697
2.7305703163146973;-0.1224155262807924;0.22514756483352213;-0.697
2.7315707206726074;-0.12557256721439553;0.22476940689846808;-0.688
2.732595443725586;-0.12557256721439553;0.22476940689846808;-0.688
2.733590602874756;-0.12557256721439553;0.22476940689846808;-0.688
2.734590530395508;-0.12557256721439553;0.22476940689846808;-0.688
2.7365896701812744;-0.13046996737206717;0.22711686213289592;-0.692
2.7378783226013184;-0.13046996737206717;0.22711686213289592;-0.692
2.738877773284912;-0.13046996737206717;0.22711686213289592;-0.692
2.7398486137390137;-0.13046996737206717;0.22711686213289592;-0.692
2.741539478302002;-0.13481296716271265;0.23424581709221545;-0.709
2.742539644241333;-0.13481296716271265;0.23424581709221545;-0.709
2.7435414791107178;-0.13481296716271265;0.23424581709221545;-0.709
2.7451329231262207;-0.13481296716271265;0.23424581709221545;-0.709
2.74613356590271;-0.12673887932250744;0.2343848288183585;-0.713
2.747133731842041;-0.12673887932250744;0.2343848288183585;-0.713
2.748652219772339;-0.12673887932250744;0.2343848288183585;-0.713
2.7496533393859863;-0.12673887932250744;0.2343848288183585;-0.713
2.7511699199676514;-0.12299953957586882;0.23452384054450157;-0.717
2.752162456512451;-0.12299953957586882;0.23452384054450157;-0.717
2.753162145614624;-0.12299953957586882;0.23452384054450157;-0.717
2.754161834716797;-0.12299953957586882;0.23452384054450157;-0.717
2.755162239074707;-0.11974325727067865;0.23209730667256012;-0.709
2.7561628818511963;-0.11974325727067865;0.23209730667256012;-0.709
2.7571628093719482;-0.11974325727067865;0.23209730667256012;-0.709
2.7581608295440674;-0.11974325727067865;0.23209730667256012;-0.709
2.759160041809082;-0.12024087306004846;0.22514756483352213;-0.697
2.760159492492676;-0.12024087306004846;0.22514756483352213;-0.697
2.7611591815948486;-0.12024087306004846;0.22514756483352213;-0.697
2.7629013061523438;-0.12024087306004846;0.22514756483352213;-0.697
2.7638847827911377;-0.12610246299567765;0.22711686213289592;-0.692
2.7648847103118896;-0.12610246299567765;0.22711686213289592;-0.692
2.7658841609954834;-0.12610246299567765;0.22711686213289592;-0.692
2.7668840885162354;-0.12610246299567765;0.22711686213289592;-0.692
2.7680883407592773;-0.12610246299567765;0.22711686213289592;-0.692
2.7690839767456055;-0.13328879238451213;0.23165847764372022;-0.697
2.7703497409820557;-0.13328879238451213;0.23165847764372022;-0.697
2.7713470458984375;-0.13328879238451213;0.23165847764372022;-0.697
2.7723472118377686;-0.13328879238451213;0.23165847764372022;-0.697
2.773341417312622;-0.13646500377613513;0.23626258040253123;-0.705
2.774341583251953;-0.13646500377613513;0.23626258040253123;-0.705
2.7751691341400146;-0.13646500377613513;0.23626258040253123;-0.705
2.7761459350585938;-0.13646500377613513;0.23626258040253123;-0.705
2.7771453857421875;-0.13369082633057233;0.23665782173054975;-0.717
2.7781643867492676;-0.13369082633057233;0.23665782173054975;-0.717
2.778677225112915;-0.13369082633057233;0.23665782173054975;-0.717
2.780315637588501;-0.13369082633057233;0.23665782173054975;-0.717
2.7813022136688232;-0.1288844158474088;0.2343848288183585;-0.713
2.782810688018799;-0.1288844158474088;0.2343848288183585;-0.713
2.7838027477264404;-0.1288844158474088;0.2343848288183585;-0.713
2.784803628921509;-0.1288844158474088;0.2343848288183585;-0.713
2.7855606079101562;-0.12835452006612663;0.2278002858332495;-0.709
2.7865607738494873;-0.12835452006612663;0.2278002858332495;-0.709
2.7875607013702393;-0.12835452006612663;0.2278002858332495;-0.709
2.7883107662200928;-0.12835452006612663;0.2278002858332495;-0.709
2.7893073558807373;-0.13046996737206717;0.22275809205075495;-0.692
2.790842294692993;-0.13046996737206717;0.22275809205075495;-0.692
2.7923505306243896;-0.13046996737206717;0.22275809205075495;-0.692
2.7933502197265625;-0.13046996737206717;0.22275809205075495;-0.692
2.7942702770233154;-0.13046996737206717;0.22275809205075495;-0.692
2.796269178390503;-0.13383591357757765;0.22240742243043313;-0.684
2.7977802753448486;-0.13383591357757765;0.22240742243043313;-0.684
2.798792600631714;-0.13383591357757765;0.22240742243043313;-0.684
2.799792766571045;-0.13871875538732797;0.22695605655634213;-0.688
2.8008062839508057;-0.13871875538732797;0.22695605655634213;-0.688
2.8018338680267334;-0.13871875538732797;0.22695605655634213;-0.688
2.803495407104492;-0.13871875538732797;0.22695605655634213;-0.688
2.8045060634613037;-0.13763809882600003;0.23165847764372022;-0.697
2.8061418533325195;-0.13763809882600003;0.23165847764372022;-0.697
2.8071470260620117;-0.13763809882600003;0.23165847764372022;-0.697
2.8081181049346924;-0.13763809882600003;0.23165847764372022;-0.697
2.809113025665283;-0.13369082633057233;0.23452384054450157;-0.717
2.8101353645324707;-0.13369082633057233;0.23452384054450157;-0.717
2.8112404346466064;-0.13369082633057233;0.23452384054450157;-0.717
2.812211513519287;-0.13369082633057233;0.23452384054450157;-0.717
2.8132119178771973;-0.13369082633057233;0.23452384054450157;-0.717
2.814751148223877;-0.1245933427976061;0.2343848288183585;-0.713
2.8157474994659424;-0.1245933427976061;0.2343848288183585;-0.713
2.8172290325164795;-0.1245933427976061;0.2343848288183585;-0.713
2.8182222843170166;-0.1245933427976061;0.2343848288183585;-0.713
2.819208860397339;-0.12189607296954065;0.23424581709221545;-0.709
2.820202350616455;-0.12189607296954065;0.23424581709221545;-0.709
2.821202278137207;-0.12189607296954065;0.23424581709221545;-0.709
2.822709798812866;-0.12189607296954065;0.23424581709221545;-0.709
2.824536085128784;-0.12350443453919924;0.23195103032961345;-0.705
2.826046943664551;-0.12350443453919924;0.23195103032961345;-0.705
2.8270468711853027;-0.12350443453919924;0.23195103032961345;-0.705
2.828068971633911;-0.12350443453919924;0.23195103032961345;-0.705
2.829068422317505;-0.12729472850356244;0.22964171433340436;-0.701
2.830068826675415;-0.12729472850356244;0.22964171433340436;-0.701
2.8310916423797607;-0.12729472850356244;0.22964171433340436;-0.701
2.832084894180298;-0.12729472850356244;0.22964171433340436;-0.701
2.8330726623535156;-0.13266015146385063;0.22565177541359416;-0.709
2.834071636199951;-0.13266015146385063;0.22565177541359416;-0.709
2.83505916595459;-0.13266015146385063;0.22565177541359416;-0.709
2.8366892337799072;-0.13266015146385063;0.22565177541359416;-0.709
2.8376879692077637;-0.13102995237231013;0.21939610819839622;-0.713
2.8387045860290527;-0.13102995237231013;0.21939610819839622;-0.713
2.8396823406219482;-0.13102995237231013;0.21939610819839622;-0.713
2.8406822681427;-0.13102995237231013;0.21939610819839622;-0.713
2.842302083969116;-0.1288844158474088;0.204407387578434;-0.713
2.8432886600494385;-0.1288844158474088;0.204407387578434;-0.713
2.8442885875701904;-0.1288844158474088;0.204407387578434;-0.713
2.8454208374023438;-0.1288844158474088;0.204407387578434;-0.713
2.846412181854248;-0.129944207409973;0.20063538716273083;-0.721
2.8479292392730713;-0.129944207409973;0.20063538716273083;-0.721
2.848921537399292;-0.129944207409973;0.20063538716273083;-0.721
2.849921464920044;-0.129944207409973;0.20063538716273083;-0.721
2.850921869277954;-0.07706978766636816;0.15931420084986242;-0.3
2.8519158363342285;-0.07706978766636816;0.15931420084986242;-0.3
2.8529162406921387;-0.07706978766636816;0.15931420084986242;-0.3
2.854426622390747;-0.07706978766636816;0.15931420084986242;-0.3
2.85544753074646;-0.13961209847191555;0.18085368374706473;-0.713
2.8570024967193604;-0.13961209847191555;0.18085368374706473;-0.713
2.857996702194214;-0.13961209847191555;0.18085368374706473;-0.713
2.8599956035614014;-0.13961209847191555;0.18085368374706473;-0.713
2.8619883060455322;-0.15248531762132364;0.1744299463385095;-0.713
2.862987756729126;-0.15248531762132364;0.1744299463385095;-0.713
2.8646388053894043;-0.15248531762132364;0.1744299463385095;-0.713
2.8656389713287354;-0.1363316283415155;0.1546029085684101;-0.314
2.8666391372680664;-0.1363316283415155;0.1546029085684101;-0.314
2.868168592453003;-0.1363316283415155;0.1546029085684101;-0.314
2.870168447494507;-0.1363316283415155;0.1546029085684101;-0.314
2.871890068054199;-0.20535381768225303;0.22245035113607042;-0.733
2.872889518737793;-0.20535381768225303;0.22245035113607042;-0.733
2.874549627304077;-0.20535381768225303;0.22245035113607042;-0.733
2.8765406608581543;-0.20535381768225303;0.22245035113607042;-0.733
2.8775405883789062;-0.22164174730813097;0.2971975966562668;-0.363
2.8795244693756104;-0.22164174730813097;0.2971975966562668;-0.363
2.8805019855499268;-0.22164174730813097;0.2971975966562668;-0.363
2.8820419311523438;-0.22164174730813097;0.2971975966562668;-0.363
2.8830416202545166;-0.24580454880348657;0.4486831614404223;-0.526
2.884058713912964;-0.24580454880348657;0.4486831614404223;-0.526
2.885570764541626;-0.24580454880348657;0.4486831614404223;-0.526
2.886558771133423;-0.24580454880348657;0.4486831614404223;-0.526
2.887559413909912;-0.2545893836730868;0.6007329001576728;-0.583
2.888558864593506;-0.2545893836730868;0.6007329001576728;-0.583
2.8895418643951416;-0.2545893836730868;0.6007329001576728;-0.583
2.8910634517669678;-0.2545893836730868;0.6007329001576728;-0.583
2.8920528888702393;-0.2585247744420107;0.6001333720152382;-0.752
2.8940529823303223;-0.2585247744420107;0.6001333720152382;-0.752
2.89558482170105;-0.2585247744420107;0.6001333720152382;-0.752
2.897585153579712;-0.2585247744420107;0.6001333720152382;-0.752
2.8995845317840576;-0.25022651612687064;0.5877108772811365;-0.752
2.9005866050720215;-0.25022651612687064;0.5877108772811365;-0.752
2.9015719890594482;-0.25022651612687064;0.5877108772811365;-0.752
2.903571605682373;-0.24219317059855522;0.5487542755298326;-0.759
2.9045727252960205;-0.24219317059855522;0.5487542755298326;-0.759
2.9055726528167725;-0.24219317059855522;0.5487542755298326;-0.759
2.9071009159088135;-0.24219317059855522;0.5487542755298326;-0.759
2.9081766605377197;-0.23219693486686668;0.5189858377221652;-0.671
2.9091968536376953;-0.23219693486686668;0.5189858377221652;-0.671
2.9101953506469727;-0.23219693486686668;0.5189858377221652;-0.671
2.911705493927002;-0.23219693486686668;0.5189858377221652;-0.671
2.913214683532715;-0.2132801767578519;0.4842319989156687;-0.568
2.914214611053467;-0.2132801767578519;0.4842319989156687;-0.568
2.915208339691162;-0.2132801767578519;0.4842319989156687;-0.568
2.916759967803955;-0.2132801767578519;0.4842319989156687;-0.568
2.9182991981506348;-0.19958677724292403;0.44174938842051564;-0.542
2.92024302482605;-0.19958677724292403;0.44174938842051564;-0.542
2.921863079071045;-0.19958677724292403;0.44174938842051564;-0.542
2.9238626956939697;-0.19958677724292403;0.44174938842051564;-0.542
2.925464153289795;-0.18265603053785262;0.4183176796115073;-0.403
2.9264588356018066;-0.18265603053785262;0.4183176796115073;-0.403
2.927476406097412;-0.18265603053785262;0.4183176796115073;-0.403
2.9284768104553223;-0.18265603053785262;0.4183176796115073;-0.403
2.9304778575897217;-0.18265603053785262;0.4183176796115073;-0.403
2.9324610233306885;-0.18265603053785262;0.4183176796115073;-0.403
2.934462308883667;-0.18217456232569867;0.4081218840698684;-0.396
2.93546199798584;-0.18217456232569867;0.4081218840698684;-0.396
2.936461925506592;-0.18217456232569867;0.4081218840698684;-0.396
2.9380500316619873;-0.19958677724292403;0.44174938842051564;-0.542
2.9390499591827393;-0.19958677724292403;0.44174938842051564;-0.542
2.94038987159729;-0.19958677724292403;0.44174938842051564;-0.542
2.9423906803131104;-0.19958677724292403;0.44174938842051564;-0.542
2.9443905353546143;-0.2132801767578519;0.5924384662048182;-0.568
2.9453859329223633;-0.2132801767578519;0.5924384662048182;-0.568
2.9463858604431152;-0.2132801767578519;0.5924384662048182;-0.568
2.9481379985809326;-0.2132801767578519;0.5924384662048182;-0.568
2.950136184692383;-0.24682989910003944;0.6141703914091445;-0.774
2.951885938644409;-0.24682989910003944;0.6141703914091445;-0.774
2.95289945602417;-0.24682989910003944;0.6141703914091445;-0.774
2.9551594257354736;-0.24682989910003944;0.6141703914091445;-0.774
2.957141876220703;-0.26222202837418;0.6109102214664017;-0.729
2.958651304244995;-0.26222202837418;0.6109102214664017;-0.729
2.9601645469665527;-0.26222202837418;0.6109102214664017;-0.729
2.962165594100952;-0.26222202837418;0.6109102214664017;-0.729
2.9641520977020264;-0.25761660734148983;0.5641366824575281;-0.713
2.9661548137664795;-0.25761660734148983;0.5641366824575281;-0.713
2.968139171600342;-0.25761660734148983;0.5641366824575281;-0.713
2.9701080322265625;-0.25761660734148983;0.5641366824575281;-0.713
2.972102165222168;-0.2481480614556126;0.5185858495119119;-0.684
2.973473310470581;-0.2481480614556126;0.5185858495119119;-0.684
2.9754743576049805;-0.2481480614556126;0.5185858495119119;-0.684
2.9774749279022217;-0.23576825206875346;0.48274088475975085;-0.649
2.9789907932281494;-0.23576825206875346;0.48274088475975085;-0.649
2.9809980392456055;-0.23576825206875346;0.48274088475975085;-0.649
2.9829983711242676;-0.23576825206875346;0.48274088475975085;-0.649
2.9845759868621826;-0.22730357560067543;0.46158209601335637;-0.558
2.9866044521331787;-0.22730357560067543;0.46158209601335637;-0.558
2.9876365661621094;-0.22730357560067543;0.46158209601335637;-0.558
2.9891562461853027;-0.22730357560067543;0.46158209601335637;-0.558
2.991145610809326;-0.22071145147145504;0.4443376905832943;-0.521
2.9931397438049316;-0.22071145147145504;0.4443376905832943;-0.521
2.9951257705688477;-0.22071145147145504;0.4443376905832943;-0.521
2.997116804122925;-0.22071145147145504;0.4443376905832943;-0.521
2.9991142749786377;-0.21380307419570477;0.4503918223995737;-0.532
3.00062894821167;-0.21380307419570477;0.4503918223995737;-0.532
3.002171754837036;-0.21380307419570477;0.4503918223995737;-0.532
3.004159927368164;-0.21380307419570477;0.4503918223995737;-0.532
3.0061585903167725;-0.21490686151515845;0.5312014942939004;-0.598
3.0081300735473633;-0.21490686151515845;0.5312014942939004;-0.598
3.0101301670074463;-0.21490686151515845;0.5312014942939004;-0.598
3.01212477684021;-0.21490686151515845;0.5312014942939004;-0.598
3.0141243934631348;-0.22310673050786112;0.6399225619526928;-0.667
3.016129970550537;-0.22310673050786112;0.6399225619526928;-0.667
3.01762056350708;-0.22310673050786112;0.6399225619526928;-0.667
3.0196356773376465;-0.22310673050786112;0.6399225619526928;-0.667
3.0211291313171387;-0.2460773869693006;0.6332600246395097;-0.752
3.023124933242798;-0.2460773869693006;0.6332600246395097;-0.752
3.02482271194458;-0.2460773869693006;0.6332600246395097;-0.752
3.0268237590789795;-0.2460773869693006;0.6332600246395097;-0.752
3.0288586616516113;-0.24903446124188444;0.6048203527117113;-0.713
3.0308573246002197;-0.24903446124188444;0.6048203527117113;-0.713
3.0328869819641113;-0.24903446124188444;0.6048203527117113;-0.713
3.0348987579345703;-0.24903446124188444;0.6048203527117113;-0.713
3.036898374557495;-0.23649311625897562;0.5494169045188474;-0.721
3.0388762950897217;-0.23649311625897562;0.5494169045188474;-0.721
3.0403990745544434;-0.23649311625897562;0.5494169045188474;-0.721
3.0423877239227295;-0.23649311625897562;0.5494169045188474;-0.721
3.0443601608276367;-0.22328802294306824;0.5106055373862343;-0.713
3.046356439590454;-0.22328802294306824;0.5106055373862343;-0.713
3.0479021072387695;-0.22328802294306824;0.5106055373862343;-0.713
3.049931526184082;-0.22328802294306824;0.5106055373862343;-0.713
3.0519254207611084;-0.207245601129208;0.5071277264980888;-0.588
3.053925037384033;-0.207245601129208;0.5071277264980888;-0.588
3.055919885635376;-0.207245601129208;0.5071277264980888;-0.588
3.05745792388916;-0.207245601129208;0.5071277264980888;-0.588
3.059429168701172;-0.2015497528164493;0.4954207388017579;-0.573
3.060994863510132;-0.2015497528164493;0.4954207388017579;-0.573
3.0629899501800537;-0.2015497528164493;0.4954207388017579;-0.573
3.0650992393493652;-0.20333504043793135;0.4850207959844627;-0.563
3.0670621395111084;-0.20333504043793135;0.4850207959844627;-0.563
3.0690741539001465;-0.20333504043793135;0.4850207959844627;-0.563
3.0710651874542236;-0.20333504043793135;0.4850207959844627;-0.563
3.0730912685394287;-0.20091653488950567;0.47777978918550595;-0.563
3.0750913619995117;-0.20091653488950567;0.47777978918550595;-0.563
3.077085494995117;-0.20091653488950567;0.47777978918550595;-0.563
3.0790865421295166;-0.20091653488950567;0.47777978918550595;-0.563
3.0811431407928467;-0.19331711237840435;0.4688503451253264;-0.558
3.0832085609436035;-0.19331711237840435;0.4688503451253264;-0.558
3.0852341651916504;-0.19331711237840435;0.4688503451253264;-0.558
3.0875751972198486;-0.20537126327449037;0.41858871525068386;-0.892
3.089548349380493;-0.20537126327449037;0.41858871525068386;-0.892
3.0914745330810547;-0.20537126327449037;0.41858871525068386;-0.892
3.0934481620788574;-0.20537126327449037;0.41858871525068386;-0.892
3.095426559448242;-0.18899312186302966;0.41858871525068386;-0.892
3.0974411964416504;-0.18899312186302966;0.41858871525068386;-0.892
3.0999746322631836;-0.18899312186302966;0.41858871525068386;-0.892
3.102966070175171;-0.18899312186302966;0.41858871525068386;-0.892
3.105116844177246;-0.13882164672963698;0.48006445345284776;-0.548
3.107088088989258;-0.13882164672963698;0.48006445345284776;-0.548
3.1091086864471436;-0.13882164672963698;0.48006445345284776;-0.548
3.1111087799072266;-0.13882164672963698;0.48006445345284776;-0.548
3.1136438846588135;-0.15286067137120768;0.46822164308091674;-0.697
3.115572690963745;-0.15286067137120768;0.46822164308091674;-0.697
3.117572069168091;-0.15286067137120768;0.46822164308091674;-0.697
3.119124412536621;-0.15286067137120768;0.46822164308091674;-0.697
3.1211471557617188;-0.13946648549385007;0.517211725173611;-0.458
3.1226577758789062;-0.13946648549385007;0.517211725173611;-0.458
3.124946355819702;-0.13946648549385007;0.517211725173611;-0.458
3.1268961429595947;-0.1896186904627376;0.48864926250091484;-0.54
3.1289076805114746;-0.1896186904627376;0.48864926250091484;-0.54
3.1309001445770264;-0.1896186904627376;0.48864926250091484;-0.54
3.132913112640381;-0.1896186904627376;0.48864926250091484;-0.54
3.1349411010742188;-0.21055408622699465;0.5358484192953895;-0.47
3.1369786262512207;-0.21055408622699465;0.5358484192953895;-0.47
3.13797664642334;-0.21055408622699465;0.5358484192953895;-0.47
3.1398372650146484;-0.21055408622699465;0.5358484192953895;-0.47
3.1418280601501465;-0.21055408622699465;0.5358484192953895;-0.47
3.1433541774749756;-0.22860269752975276;0.6160679200843987;-0.588
3.1453397274017334;-0.22860269752975276;0.6160679200843987;-0.588
3.1474556922912598;-0.22860269752975276;0.6160679200843987;-0.588
3.1494548320770264;-0.22860269752975276;0.6160679200843987;-0.588
3.1509957313537598;-0.22713216397443592;0.6434895039354417;-0.608
3.152569532394409;-0.22713216397443592;0.6434895039354417;-0.608
3.154611110687256;-0.22713216397443592;0.6434895039354417;-0.608
3.156583070755005;-0.22713216397443592;0.6434895039354417;-0.608
3.158596992492676;-0.23124424545220998;0.5865849496583577;-0.649
3.1609885692596436;-0.23124424545220998;0.5865849496583577;-0.649
3.1629884243011475;-0.23124424545220998;0.5865849496583577;-0.649
3.1650238037109375;-0.23625747096700095;0.5334185417019488;-0.537
3.167048454284668;-0.23625747096700095;0.5334185417019488;-0.537
3.1690893173217773;-0.23625747096700095;0.5334185417019488;-0.537
3.1710610389709473;-0.23625747096700095;0.5334185417019488;-0.537
3.1735737323760986;-0.24231004907016726;0.47065595767709795;-0.493
3.1756131649017334;-0.24231004907016726;0.47065595767709795;-0.493
3.1772735118865967;-0.24231004907016726;0.47065595767709795;-0.493
3.1792759895324707;-0.24231004907016726;0.47065595767709795;-0.493
3.181309700012207;-0.24244129998687688;0.4231283319457824;-0.409
3.1837568283081055;-0.24244129998687688;0.4231283319457824;-0.409
3.185760259628296;-0.24244129998687688;0.4231283319457824;-0.409
3.187757730484009;-0.24244129998687688;0.4231283319457824;-0.409
3.189758062362671;-0.24226882568858923;0.3993879043756092;-0.403
3.191758155822754;-0.24226882568858923;0.3993879043756092;-0.403
3.1937670707702637;-0.24226882568858923;0.3993879043756092;-0.403
3.1953659057617188;-0.24226882568858923;0.3993879043756092;-0.403
3.1973648071289062;-0.2428149942998335;0.44853044646760265;-0.422
3.199364423751831;-0.2428149942998335;0.44853044646760265;-0.422
3.201387405395508;-0.2428149942998335;0.44853044646760265;-0.422
3.2039597034454346;-0.2428149942998335;0.44853044646760265;-0.422
3.205942153930664;-0.232555429405651;0.6044614070147237;-0.568
3.2080013751983643;-0.232555429405651;0.6044614070147237;-0.568
3.2100021839141846;-0.232555429405651;0.6044614070147237;-0.568
3.212050199508667;-0.22816425733014767;0.6565728025325558;-0.725
3.2135612964630127;-0.22816425733014767;0.6565728025325558;-0.725
3.2151200771331787;-0.22816425733014767;0.6565728025325558;-0.725
3.2171061038970947;-0.22816425733014767;0.6565728025325558;-0.725
3.2191147804260254;-0.22330906346091403;0.6453847216416506;-0.671
3.2216522693634033;-0.22330906346091403;0.6453847216416506;-0.671
3.223651647567749;-0.22330906346091403;0.6453847216416506;-0.671
3.225651979446411;-0.22330906346091403;0.6453847216416506;-0.671
3.2276523113250732;-0.23163398203093316;0.5798492315885174;-0.658
3.2296524047851562;-0.23163398203093316;0.5798492315885174;-0.658
3.2316534519195557;-0.23163398203093316;0.5798492315885174;-0.658
3.233639717102051;-0.23163398203093316;0.5798492315885174;-0.658
3.2356393337249756;-0.24083287298836317;0.5379943604234907;-0.526
3.2376506328582764;-0.24083287298836317;0.5379943604234907;-0.526
3.2396504878997803;-0.24083287298836317;0.5379943604234907;-0.526
3.241659164428711;-0.24083287298836317;0.5379943604234907;-0.526
3.243659257888794;-0.25065069397160517;0.47421705949637066;-0.521
3.2459888458251953;-0.25065069397160517;0.47421705949637066;-0.521
3.2479801177978516;-0.25065069397160517;0.47421705949637066;-0.521
3.249976396560669;-0.25065069397160517;0.47421705949637066;-0.521
3.2519683837890625;-0.24530160927013428;0.4278953965792361;-0.415
3.2539608478546143;-0.24530160927013428;0.4278953965792361;-0.415
3.2559618949890137;-0.24530160927013428;0.4278953965792361;-0.415
3.2579593658447266;-0.24530160927013428;0.4278953965792361;-0.415
3.260474920272827;-0.23390037249007184;0.38910311727812663;-0.396
3.262484550476074;-0.23390037249007184;0.38910311727812663;-0.396
3.2644853591918945;-0.23390037249007184;0.38910311727812663;-0.396
3.2664949893951416;-0.23390037249007184;0.38910311727812663;-0.396
3.268496036529541;-0.23117796142878905;0.38910311727812663;-0.396
3.2703704833984375;-0.23117796142878905;0.38910311727812663;-0.396
3.272376775741577;-0.23117796142878905;0.38910311727812663;-0.396
3.274822235107422;-0.23117796142878905;0.38910311727812663;-0.396
3.2774012088775635;-0.22591784554299296;0.49830049420879363;-0.526
3.2793819904327393;-0.22591784554299296;0.49830049420879363;-0.526
3.2813820838928223;-0.22591784554299296;0.49830049420879363;-0.526
3.284271717071533;-0.21759588442492267;0.6686592874469006;-0.688
3.286304235458374;-0.21759588442492267;0.6686592874469006;-0.688
3.288304090499878;-0.21759588442492267;0.6686592874469006;-0.688
3.2903053760528564;-0.21759588442492267;0.6686592874469006;-0.688
3.292313814163208;-0.19758691912494328;0.6348633060698258;-0.684
3.2943217754364014;-0.19758691912494328;0.6348633060698258;-0.684
3.2958872318267822;-0.19758691912494328;0.6348633060698258;-0.684
3.2988882064819336;-0.19758691912494328;0.6348633060698258;-0.684
3.30088472366333;-0.20814083421491858;0.5770333755620058;-0.603
3.3033998012542725;-0.20814083421491858;0.5770333755620058;-0.603
3.3053958415985107;-0.20814083421491858;0.5770333755620058;-0.603
3.30791974067688;-0.20814083421491858;0.5770333755620058;-0.603
3.310955047607422;-0.21784607372848552;0.5308805057111884;-0.563
3.31294584274292;-0.21784607372848552;0.5308805057111884;-0.563
3.314946413040161;-0.21784607372848552;0.5308805057111884;-0.563
3.316946268081665;-0.21784607372848552;0.5308805057111884;-0.563
3.3189473152160645;-0.21300906263163416;0.49950280958237603;-0.563
3.3209469318389893;-0.21300906263163416;0.49950280958237603;-0.563
3.322939157485962;-0.21300906263163416;0.49950280958237603;-0.563
3.324932813644409;-0.21810981770562646;0.4240371778533601;-0.892
3.3269336223602295;-0.21810981770562646;0.4240371778533601;-0.892
3.3289403915405273;-0.21810981770562646;0.4240371778533601;-0.892
3.3319551944732666;-0.21810981770562646;0.4240371778533601;-0.892
3.333949089050293;-0.17389627625139228;0.46642759542133644;-0.558
3.33595871925354;-0.17389627625139228;0.46642759542133644;-0.558
3.3379597663879395;-0.17389627625139228;0.46642759542133644;-0.558
3.3399248123168945;-0.17389627625139228;0.46642759542133644;-0.558
3.3419177532196045;-0.16883343524267863;0.48186560770928677;-0.583
3.3444442749023438;-0.16883343524267863;0.48186560770928677;-0.583
3.3464465141296387;-0.16883343524267863;0.48186560770928677;-0.583
3.348419189453125;-0.16883343524267863;0.48186560770928677;-0.583
3.3504178524017334;-0.18079246147125486;0.5837747455109839;-0.521
3.352952480316162;-0.18079246147125486;0.5837747455109839;-0.521
3.354968786239624;-0.18079246147125486;0.5837747455109839;-0.521
3.3569581508636475;-0.18079246147125486;0.5837747455109839;-0.521
3.3599681854248047;-0.22679888087650188;0.6396756804161327;-0.697
3.3619678020477295;-0.22679888087650188;0.6396756804161327;-0.697
3.364839792251587;-0.22679888087650188;0.6396756804161327;-0.697
3.3672780990600586;-0.24754820613392653;0.6337064797216331;-0.795
3.3692774772644043;-0.24754820613392653;0.6337064797216331;-0.795
3.3715105056762695;-0.24754820613392653;0.6337064797216331;-0.795
3.3735105991363525;-0.24754820613392653;0.6337064797216331;-0.795
3.3764965534210205;-0.25241606357118074;0.6154990205616606;-0.756
3.3784902095794678;-0.25241606357118074;0.6154990205616606;-0.756
3.380490779876709;-0.25241606357118074;0.6154990205616606;-0.756
3.38250732421875;-0.25241606357118074;0.6154990205616606;-0.756
3.3844988346099854;-0.25634978534562186;0.5680300463533948;-0.748
3.386497735977173;-0.25634978534562186;0.5680300463533948;-0.748
3.388493537902832;-0.25634978534562186;0.5680300463533948;-0.748
3.3910140991210938;-0.25634978534562186;0.5680300463533948;-0.748
3.393014430999756;-0.264409756025;0.5339789135234889;-0.733
3.395547389984131;-0.264409756025;0.5339789135234889;-0.733
3.3975484371185303;-0.264409756025;0.5339789135234889;-0.733
3.3995184898376465;-0.27474598758874264;0.5135521716474067;-0.709
3.4014878273010254;-0.27474598758874264;0.5135521716474067;-0.709
3.4034886360168457;-0.27474598758874264;0.5135521716474067;-0.709
3.4062438011169434;-0.27474598758874264;0.5135521716474067;-0.709
3.409087657928467;-0.27613199369817887;0.5194509766141288;-0.598
3.411372423171997;-0.27613199369817887;0.5194509766141288;-0.598
3.4133708477020264;-0.27613199369817887;0.5194509766141288;-0.598
3.4163708686828613;-0.27377718092190884;0.4959499412545853;-0.598
3.418898344039917;-0.27377718092190884;0.4959499412545853;-0.598
3.420898199081421;-0.27377718092190884;0.4959499412545853;-0.598
3.422898530960083;-0.27377718092190884;0.4959499412545853;-0.598
3.424898386001587;-0.2688202038699724;0.47310869829819213;-0.578
3.426898717880249;-0.2688202038699724;0.47310869829819213;-0.578
3.429898738861084;-0.2688202038699724;0.47310869829819213;-0.578
3.431889057159424;-0.2660033741700997;0.45809625223885725;-0.548
3.4344024658203125;-0.2660033741700997;0.45809625223885725;-0.548
3.4364020824432373;-0.2660033741700997;0.45809625223885725;-0.548
3.439371347427368;-0.2660033741700997;0.45809625223885725;-0.548
3.441880464553833;-0.2597212667441996;0.4609538523590023;-0.47
3.444873571395874;-0.2597212667441996;0.4609538523590023;-0.47
3.44687557220459;-0.2597212667441996;0.4609538523590023;-0.47
3.448876142501831;-0.2597212667441996;0.4609538523590023;-0.47
3.45159649848938;-0.25336511422504343;0.46276737339056473;-0.415
3.4535958766937256;-0.25336511422504343;0.46276737339056473;-0.415
3.4555885791778564;-0.25336511422504343;0.46276737339056473;-0.415
3.4584243297576904;-0.24816518716091066;0.46454892651947066;-0.422
3.460421562194824;-0.24816518716091066;0.46454892651947066;-0.422
3.4630069732666016;-0.24816518716091066;0.46454892651947066;-0.422
3.4657180309295654;-0.24816518716091066;0.46454892651947066;-0.422
3.467717170715332;-0.2487212014773061;0.4638156619613543;-0.542
3.4698853492736816;-0.2487212014773061;0.4638156619613543;-0.542
3.4718871116638184;-0.2487212014773061;0.4638156619613543;-0.542
3.4746832847595215;-0.2487212014773061;0.4638156619613543;-0.542
3.477215051651001;-0.25697149335170927;0.49850702865206087;-0.583
3.4797303676605225;-0.25697149335170927;0.49850702865206087;-0.583
3.482245683670044;-0.25697149335170927;0.49850702865206087;-0.583
3.4852757453918457;-0.2676081815229302;0.5724827095445707;-0.48
3.487279176712036;-0.2676081815229302;0.5724827095445707;-0.48
3.4897894859313965;-0.2676081815229302;0.5724827095445707;-0.48
3.4928817749023438;-0.2676081815229302;0.5724827095445707;-0.48
3.495877265930176;-0.2675072352268577;0.5516070497577705;-0.654
3.497877597808838;-0.2675072352268577;0.5516070497577705;-0.654
3.500885486602783;-0.2675072352268577;0.5516070497577705;-0.654
3.503885507583618;-0.24678253502914568;0.5590915607584063;-0.47
3.505868434906006;-0.24678253502914568;0.5590915607584063;-0.47
3.507723331451416;-0.24678253502914568;0.5590915607584063;-0.47
3.5107247829437256;-0.24678253502914568;0.5590915607584063;-0.47
3.5137221813201904;-0.22730357560067543;0.4833868433492665;-0.558
3.515730381011963;-0.22730357560067543;0.4833868433492665;-0.558
3.518730401992798;-0.22730357560067543;0.4833868433492665;-0.558
3.5217318534851074;-0.19926124005230586;0.4285150453056283;-0.409
3.524216413497925;-0.19926124005230586;0.4285150453056283;-0.409
3.5262160301208496;-0.19926124005230586;0.4285150453056283;-0.409
3.5287554264068604;-0.19926124005230586;0.4285150453056283;-0.409
3.5317482948303223;-0.1954285243978284;0.3731921304679991;-0.39
3.53373384475708;-0.1954285243978284;0.3731921304679991;-0.39
3.5357933044433594;-0.1954285243978284;0.3731921304679991;-0.39
3.5387942790985107;-0.20843759141152532;0.35202710369686013;-0.377
3.5407943725585938;-0.20843759141152532;0.35202710369686013;-0.377
3.5427944660186768;-0.20843759141152532;0.35202710369686013;-0.377
3.545788526535034;-0.20843759141152532;0.35202710369686013;-0.377
3.54878306388855;-0.21756590612237506;0.421706717492541;-0.396
3.5507819652557373;-0.21756590612237506;0.421706717492541;-0.396
3.553351402282715;-0.21756590612237506;0.421706717492541;-0.396
3.555778741836548;-0.21843134515598928;0.6321847610500174;-0.663
3.5577754974365234;-0.21843134515598928;0.6321847610500174;-0.663
3.560777187347412;-0.21843134515598928;0.6321847610500174;-0.663
3.5637753009796143;-0.21843134515598928;0.6321847610500174;-0.663
3.5667757987976074;-0.22922730233771157;0.6821088994717767;-0.788
3.568760395050049;-0.22922730233771157;0.6821088994717767;-0.788
3.571751117706299;-0.22922730233771157;0.6821088994717767;-0.788
3.5747458934783936;-0.22922730233771157;0.6821088994717767;-0.788
3.5772573947906494;-0.2334495040654195;0.6656810254269596;-0.748
3.580246686935425;-0.2334495040654195;0.6656810254269596;-0.748
3.5832300186157227;-0.2334495040654195;0.6656810254269596;-0.748
3.586151599884033;-0.22108709560942585;0.6342971002452046;-0.671
3.5886690616607666;-0.22108709560942585;0.6342971002452046;-0.671
3.590940237045288;-0.22108709560942585;0.6342971002452046;-0.671
3.5939409732818604;-0.22108709560942585;0.6342971002452046;-0.671
3.596721887588501;-0.2187566821074506;0.6015676933874909;-0.669
3.59957218170166;-0.2187566821074506;0.6015676933874909;-0.669
3.6015572547912598;-0.2187566821074506;0.6015676933874909;-0.669
3.604567050933838;-0.2187566821074506;0.6015676933874909;-0.669
3.6075727939605713;-0.22123984817237252;0.6007329001576728;-0.583
3.6105730533599854;-0.22123984817237252;0.6007329001576728;-0.583
3.613602638244629;-0.22123984817237252;0.6007329001576728;-0.583
3.6165997982025146;-0.22521804199461365;0.5644944586747086;-0.617
3.6196017265319824;-0.22521804199461365;0.5644944586747086;-0.617
3.621631145477295;-0.22521804199461365;0.5644944586747086;-0.617
3.6246254444122314;-0.22521804199461365;0.5644944586747086;-0.617
3.6270360946655273;-0.22314162251852201;0.5241498231104855;-0.622
3.629027843475342;-0.22314162251852201;0.5241498231104855;-0.622
3.631540298461914;-0.22314162251852201;0.5241498231104855;-0.622
3.6345090866088867;-0.19798436650716592;0.4910308419360879;-0.476
3.636873245239258;-0.19798436650716592;0.4910308419360879;-0.476
3.6388795375823975;-0.19798436650716592;0.4910308419360879;-0.476
3.6418941020965576;-0.19798436650716592;0.4910308419360879;-0.476
3.6448800563812256;-0.20234138292596693;0.5149237597699537;-0.622
3.6478729248046875;-0.20234138292596693;0.5149237597699537;-0.622
3.6508729457855225;-0.20234138292596693;0.5149237597699537;-0.622
3.6538589000701904;-0.20234138292596693;0.5149237597699537;-0.622
3.65684175491333;-0.21231433232174468;0.6403142864070707;-0.709
3.65960431098938;-0.21231433232174468;0.6403142864070707;-0.709
3.662135124206543;-0.21231433232174468;0.6403142864070707;-0.709
3.6644694805145264;-0.21231433232174468;0.6403142864070707;-0.709
3.6674768924713135;-0.23665905334222528;0.7328730728204335;-0.725
3.6694767475128174;-0.23665905334222528;0.7328730728204335;-0.725
3.6724750995635986;-0.23665905334222528;0.7328730728204335;-0.725
3.6744751930236816;-0.2572787121334572;0.6852246820753511;-0.785
3.677475929260254;-0.2572787121334572;0.6852246820753511;-0.785
3.679946184158325;-0.2572787121334572;0.6852246820753511;-0.785
3.6829733848571777;-0.2572787121334572;0.6852246820753511;-0.785
3.685962677001953;-0.2571029692276505;0.6331901422077615;-0.778
3.688493251800537;-0.2571029692276505;0.6331901422077615;-0.778
3.6920666694641113;-0.2571029692276505;0.6331901422077615;-0.778
3.695582628250122;-0.2571029692276505;0.6331901422077615;-0.778
3.698582887649536;-0.24706933477800178;0.5898538086712314;-0.781
3.701582431793213;-0.24706933477800178;0.5898538086712314;-0.781
3.704094409942627;-0.24706933477800178;0.5898538086712314;-0.781
3.707092761993408;-0.2469667194874465;0.5563087025755984;-0.778
3.7100937366485596;-0.2469667194874465;0.5563087025755984;-0.778
3.7126057147979736;-0.2469667194874465;0.5563087025755984;-0.778
3.715606451034546;-0.2469667194874465;0.5563087025755984;-0.778
3.7186057567596436;-0.2448271944465231;0.5725001907988038;-0.492
3.723604202270508;-0.2448271944465231;0.5725001907988038;-0.492
3.7266037464141846;-0.2448271944465231;0.5725001907988038;-0.492
3.729602336883545;-0.2502290531592087;0.4959499412545853;-0.598
3.7326018810272217;-0.2502290531592087;0.4959499412545853;-0.598
3.7356221675872803;-0.2502290531592087;0.4959499412545853;-0.598
3.738612174987793;-0.2502290531592087;0.4959499412545853;-0.598
3.741612672805786;-0.2536346439007443;0.4564602374477414;-0.542
3.744131326675415;-0.2536346439007443;0.4564602374477414;-0.542
3.7471437454223633;-0.2536346439007443;0.4564602374477414;-0.542
3.7501304149627686;-0.24751242779648583;0.44344245096881735;-0.396
3.7526695728302;-0.24751242779648583;0.44344245096881735;-0.396
3.7555410861968994;-0.24751242779648583;0.44344245096881735;-0.396
3.7585606575012207;-0.24751242779648583;0.44344245096881735;-0.396
3.7615957260131836;-0.24751242779648583;0.44344245096881735;-0.396
3.764624834060669;-0.24751242779648583;0.44344245096881735;-0.396
3.7676241397857666;-0.24751242779648583;0.44344245096881735;-0.396
3.770622491836548;-0.24751242779648583;0.44344245096881735;-0.396
3.7736129760742188;-0.25209774573063204;0.48845916758762475;-0.476
3.7765960693359375;-0.25209774573063204;0.48845916758762475;-0.476
3.779648542404175;-0.25209774573063204;0.48845916758762475;-0.476
3.7826428413391113;-0.25209774573063204;0.48845916758762475;-0.476
3.785212755203247;-0.25209774573063204;0.48845916758762475;-0.476
3.7883927822113037;-0.25209774573063204;0.48845916758762475;-0.476
3.7913830280303955;-0.24662984229009027;0.7450254890068285;-0.705
3.7938930988311768;-0.24662984229009027;0.7450254890068285;-0.705
3.7969014644622803;-0.24662984229009027;0.7450254890068285;-0.705
3.7999024391174316;-0.24662984229009027;0.7450254890068285;-0.705
3.8028879165649414;-0.26481539923300174;0.6701929083431887;-0.861
3.8054006099700928;-0.26481539923300174;0.6701929083431887;-0.861
3.8083808422088623;-0.26481539923300174;0.6701929083431887;-0.861
3.8113808631896973;-0.26481539923300174;0.6701929083431887;-0.861
3.813967704772949;-0.27956045908738353;0.6232325301607501;-0.809
3.816533327102661;-0.27956045908738353;0.6232325301607501;-0.809
3.8195393085479736;-0.27956045908738353;0.6232325301607501;-0.809
3.822547435760498;-0.27956045908738353;0.6232325301607501;-0.809
3.825549364089966;-0.33137516868598493;0.5562040033345389;-0.692
3.8285562992095947;-0.33137516868598493;0.5562040033345389;-0.692
3.831592082977295;-0.33137516868598493;0.5562040033345389;-0.692
3.8346030712127686;-0.33137516868598493;0.5562040033345389;-0.692
3.8376240730285645;-0.3578218916028688;0.5243404100272132;-0.688
3.8411359786987305;-0.3578218916028688;0.5243404100272132;-0.688
3.843705654144287;-0.3578218916028688;0.5243404100272132;-0.688
3.8467001914978027;-0.3578218916028688;0.5243404100272132;-0.688
3.849353075027466;-0.380152452267904;0.4953970772401609;-0.654
3.8523643016815186;-0.380152452267904;0.4953970772401609;-0.654
3.85538649559021;-0.380152452267904;0.4953970772401609;-0.654
3.8583576679229736;-0.380152452267904;0.4953970772401609;-0.654
3.861374855041504;-0.39143426959142485;0.4726267584397716;-0.627
3.864365339279175;-0.39143426959142485;0.4726267584397716;-0.627
3.866936445236206;-0.39143426959142485;0.4726267584397716;-0.627
3.8699452877044678;-0.39143426959142485;0.4726267584397716;-0.627
3.872948169708252;-0.39735416312637206;0.4749659073331401;-0.612
3.8759407997131348;-0.39735416312637206;0.4749659073331401;-0.612
3.8789784908294678;-0.39735416312637206;0.4749659073331401;-0.612
3.8819499015808105;-0.39735416312637206;0.4749659073331401;-0.612
3.8844614028930664;-0.39728561729618056;0.7255268809373746;-0.733
3.8874683380126953;-0.39728561729618056;0.7255268809373746;-0.733
3.890474319458008;-0.39728561729618056;0.7255268809373746;-0.733
3.8934664726257324;-0.39728561729618056;0.7255268809373746;-0.733
3.8959760665893555;-0.39728561729618056;0.7255268809373746;-0.733
3.899529457092285;-0.42606803757642797;0.71246712565569;-0.756
3.9025192260742188;-0.42606803757642797;0.71246712565569;-0.756
3.9054012298583984;-0.42606803757642797;0.71246712565569;-0.756
3.908247947692871;-0.4345557147711077;0.6389835799664382;-0.785
3.9112486839294434;-0.4345557147711077;0.6389835799664382;-0.785
3.9140524864196777;-0.4345557147711077;0.6389835799664382;-0.785
3.9173426628112793;-0.4345557147711077;0.6389835799664382;-0.785
3.9208548069000244;-0.42470907786385154;0.5946837584139404;-0.799
3.9234793186187744;-0.42470907786385154;0.5946837584139404;-0.799
3.9267876148223877;-0.42470907786385154;0.5946837584139404;-0.799
3.9297983646392822;-0.42322379050023423;0.563975239178382;-0.795
3.932307243347168;-0.42322379050023423;0.563975239178382;-0.795
3.935314893722534;-0.42322379050023423;0.563975239178382;-0.795
3.9388370513916016;-0.42322379050023423;0.563975239178382;-0.795
3.94220232963562;-0.4334737147072002;0.5320303532180732;-0.778
3.9452030658721924;-0.4334737147072002;0.5320303532180732;-0.778
3.9478824138641357;-0.4334737147072002;0.5320303532180732;-0.778
3.950861930847168;-0.4334737147072002;0.5320303532180732;-0.778
3.9538543224334717;-0.43788487418605654;0.5053008546845279;-0.729
3.9570791721343994;-0.43788487418605654;0.5053008546845279;-0.729
3.960784673690796;-0.43788487418605654;0.5053008546845279;-0.729
3.9634222984313965;-0.4462702121419347;0.49356332635027483;-0.612
3.9664034843444824;-0.4462702121419347;0.49356332635027483;-0.612
3.9694321155548096;-0.4462702121419347;0.49356332635027483;-0.612
3.972419500350952;-0.4462702121419347;0.49356332635027483;-0.612
3.9759514331817627;-0.4713402090408792;0.5053717603593466;-0.434
3.9789576530456543;-0.4713402090408792;0.5053717603593466;-0.434
3.9824657440185547;-0.4713402090408792;0.5053717603593466;-0.434
3.985466241836548;-0.44454667224637184;0.5876487391488395;-0.588
3.9884378910064697;-0.44454667224637184;0.5876487391488395;-0.588
3.9914398193359375;-0.44454667224637184;0.5876487391488395;-0.588
3.9944465160369873;-0.44454667224637184;0.5876487391488395;-0.588
3.9979941844940186;-0.37500669776267903;0.7238076631969058;-0.721
4.000994682312012;-0.37500669776267903;0.7238076631969058;-0.721
4.004017353057861;-0.37500669776267903;0.7238076631969058;-0.721
4.006558179855347;-0.3503863909211477;0.7616438647980059;-0.663
4.009788990020752;-0.3503863909211477;0.7616438647980059;-0.663
4.012357234954834;-0.3503863909211477;0.7616438647980059;-0.663
4.015364646911621;-0.3503863909211477;0.7616438647980059;-0.663
4.018518924713135;-0.34284400349319544;0.6671700622947611;-0.725
4.021528005599976;-0.34284400349319544;0.6671700622947611;-0.725
4.024566173553467;-0.34284400349319544;0.6671700622947611;-0.725
4.027953386306763;-0.34477358135764674;0.5956598743389467;-0.64
4.030963182449341;-0.34477358135764674;0.5956598743389467;-0.64
4.033958435058594;-0.34477358135764674;0.5956598743389467;-0.64
4.036936283111572;-0.34477358135764674;0.5956598743389467;-0.64
4.040518522262573;-0.3324636660823363;0.5278718974980584;-0.603
4.04302716255188;-0.3324636660823363;0.5278718974980584;-0.603
4.046308994293213;-0.3324636660823363;0.5278718974980584;-0.603
4.0493175983428955;-0.31903558543751087;0.48742725801802517;-0.578
4.051887273788452;-0.31903558543751087;0.48742725801802517;-0.578
4.054975986480713;-0.31903558543751087;0.48742725801802517;-0.578
4.058473825454712;-0.31903558543751087;0.48742725801802517;-0.578
4.061985015869141;-0.2952382512781078;0.46088410665460705;-0.563
4.065006256103516;-0.2952382512781078;0.46088410665460705;-0.563
4.067986488342285;-0.2952382512781078;0.46088410665460705;-0.563
4.071516990661621;-0.27478489577080917;0.45617723008330335;-0.403
4.074557065963745;-0.27478489577080917;0.45617723008330335;-0.403
4.077121257781982;-0.27478489577080917;0.45617723008330335;-0.403
4.0803139209747314;-0.27478489577080917;0.45617723008330335;-0.403
4.082958698272705;-0.25282845066452764;0.4304772662725368;-0.39
4.0859644412994385;-0.25282845066452764;0.4304772662725368;-0.39
4.088984489440918;-0.25282845066452764;0.4304772662725368;-0.39
4.092719316482544;-0.25282845066452764;0.4304772662725368;-0.39
4.095842123031616;-0.2362017746076538;0.4092755762734919;-0.383
4.098833799362183;-0.2362017746076538;0.4092755762734919;-0.383
4.101832866668701;-0.2362017746076538;0.4092755762734919;-0.383
4.104344129562378;-0.2277365013746965;0.39880215514083533;-0.377
4.107316255569458;-0.2277365013746965;0.39880215514083533;-0.377
4.109858751296997;-0.2277365013746965;0.39880215514083533;-0.377
4.11283016204834;-0.2277365013746965;0.39880215514083533;-0.377
4.115823745727539;-0.2287204631543309;0.45617723008330335;-0.403
4.118844509124756;-0.2287204631543309;0.45617723008330335;-0.403
4.121858358383179;-0.2287204631543309;0.45617723008330335;-0.403
4.124895811080933;-0.24827668041227655;0.6121218725845091;-0.612
4.12795877456665;-0.24827668041227655;0.6121218725845091;-0.612
4.130980491638184;-0.24827668041227655;0.6121218725845091;-0.612
4.134493112564087;-0.24827668041227655;0.6121218725845091;-0.612
4.137983083724976;-0.28772641419750755;0.6228466458698485;-0.68
4.140974998474121;-0.28772641419750755;0.6228466458698485;-0.68
4.143486022949219;-0.28772641419750755;0.6228466458698485;-0.68
4.146486282348633;-0.28772641419750755;0.6228466458698485;-0.68
4.149483680725098;-0.26496620197093423;0.5898399322724133;-0.636
4.15249490737915;-0.26496620197093423;0.5898399322724133;-0.636
4.155819416046143;-0.26496620197093423;0.5898399322724133;-0.636
4.159411668777466;-0.2473533581989551;0.5596790230334101;-0.658
4.162384510040283;-0.2473533581989551;0.5596790230334101;-0.658
4.165406227111816;-0.2473533581989551;0.5596790230334101;-0.658
4.1689183712005615;-0.2411567260219792;0.5483852224697815;-0.536
4.172430038452148;-0.2411567260219792;0.5483852224697815;-0.536
4.1754255294799805;-0.2411567260219792;0.5483852224697815;-0.536
4.178426742553711;-0.2411567260219792;0.5483852224697815;-0.536
4.181936740875244;-0.2317621398592059;0.48494627594484563;-0.548
4.1854493618011475;-0.2317621398592059;0.48494627594484563;-0.548
4.188448667526245;-0.2317621398592059;0.48494627594484563;-0.548
4.1914496421813965;-0.2317621398592059;0.48494627594484563;-0.548
4.195043563842773;-0.21888064907142185;0.4260975406477058;-0.482
4.198043346405029;-0.21888064907142185;0.4260975406477058;-0.482
4.20108437538147;-0.21888064907142185;0.4260975406477058;-0.482
4.205083131790161;-0.21888064907142185;0.4260975406477058;-0.482
4.209058523178101;-0.21423322759441452;0.4092755762734919;-0.383
4.212300539016724;-0.21423322759441452;0.4092755762734919;-0.383
4.216161489486694;-0.21423322759441452;0.4092755762734919;-0.383
4.220184087753296;-0.22931633740842777;0.49470992092884136;-0.548
4.2231833934783936;-0.22931633740842777;0.49470992092884136;-0.548
4.227191686630249;-0.22931633740842777;0.49470992092884136;-0.548
4.230220317840576;-0.24882284902352086;0.632314916714283;-0.631
4.233207702636719;-0.24882284902352086;0.632314916714283;-0.631
4.2362143993377686;-0.24882284902352086;0.632314916714283;-0.631
4.23928689956665;-0.2657985743923416;0.6227396446315455;-0.688
4.242302656173706;-0.2657985743923416;0.6227396446315455;-0.688
4.2453248500823975;-0.2657985743923416;0.6227396446315455;-0.688
4.248989582061768;-0.2657985743923416;0.6227396446315455;-0.688
4.25247859954834;-0.258495617863574;0.5830846343676318;-0.654
4.255200386047363;-0.258495617863574;0.5830846343676318;-0.654
4.258203029632568;-0.258495617863574;0.5830846343676318;-0.654
4.261735200881958;-0.24286210786523457;0.5350265459105011;-0.658
4.265246152877808;-0.24286210786523457;0.5350265459105011;-0.658
4.268755197525024;-0.24286210786523457;0.5350265459105011;-0.658
4.272746562957764;-0.24286210786523457;0.5350265459105011;-0.658
4.275727033615112;-0.24501702896689584;0.5047558565647106;-0.721
4.279247283935547;-0.24501702896689584;0.5047558565647106;-0.721
4.283242464065552;-0.24501702896689584;0.5047558565647106;-0.721
4.2872395515441895;-0.24714800714387591;0.49412227371848744;-0.721
4.290238857269287;-0.24714800714387591;0.49412227371848744;-0.721
4.2937846183776855;-0.24714800714387591;0.49412227371848744;-0.721
4.296776056289673;-0.23843636053960446;0.5312999734538187;-0.452
4.299747705459595;-0.23843636053960446;0.5312999734538187;-0.452
4.30274772644043;-0.23843636053960446;0.5312999734538187;-0.452
4.306718111038208;-0.23843636053960446;0.5312999734538187;-0.452
4.310230255126953;-0.24094070671145165;0.4819625503301051;-0.667
4.31322979927063;-0.24094070671145165;0.4819625503301051;-0.667
4.316790819168091;-0.24094070671145165;0.4819625503301051;-0.667
4.320337772369385;-0.22532720966272632;0.5972476425287805;-0.568
4.32387900352478;-0.22532720966272632;0.5972476425287805;-0.568
4.3274102210998535;-0.22532720966272632;0.5972476425287805;-0.568
4.330950975418091;-0.22532720966272632;0.5972476425287805;-0.568
4.3344643115997314;-0.23871145968600282;0.6488217175370641;-0.667
4.337445497512817;-0.23871145968600282;0.6488217175370641;-0.667
4.340959072113037;-0.23871145968600282;0.6488217175370641;-0.667
4.343977928161621;-0.23871145968600282;0.6488217175370641;-0.667
4.347986459732056;-0.24607929213294294;0.6533527398417823;-0.688
4.3509840965271;-0.24607929213294294;0.6533527398417823;-0.688
4.354498624801636;-0.24607929213294294;0.6533527398417823;-0.688
4.358486890792847;-0.2486676751234271;0.6211518915739087;-0.701
4.361478567123413;-0.2486676751234271;0.6211518915739087;-0.701
4.364475965499878;-0.2486676751234271;0.6211518915739087;-0.701
4.3684844970703125;-0.2486676751234271;0.6211518915739087;-0.701
4.372469902038574;-0.24650030107664378;0.5930323760814967;-0.701
4.3754706382751465;-0.24650030107664378;0.5930323760814967;-0.701
4.378469944000244;-0.24650030107664378;0.5930323760814967;-0.701
4.381470203399658;-0.24650030107664378;0.5930323760814967;-0.701
4.3854570388793945;-0.24701846593042948;0.5695588867540662;-0.717
4.388456344604492;-0.24701846593042948;0.5695588867540662;-0.717
4.391685485839844;-0.24701846593042948;0.5695588867540662;-0.717
4.395730257034302;-0.2486676751234271;0.556260701976035;-0.701
4.39924168586731;-0.2486676751234271;0.556260701976035;-0.701
4.403257131576538;-0.2486676751234271;0.556260701976035;-0.701
4.407249927520752;-0.25343323798325157;0.5396831501493916;-0.717
4.411257266998291;-0.25343323798325157;0.5396831501493916;-0.717
4.414933443069458;-0.25343323798325157;0.5396831501493916;-0.717
4.418905258178711;-0.25343323798325157;0.5396831501493916;-0.717
4.422891855239868;-0.25454214402875314;0.5246135134451229;-0.676
4.42588210105896;-0.25454214402875314;0.5246135134451229;-0.676
4.429751396179199;-0.25454214402875314;0.5246135134451229;-0.676
4.432730674743652;-0.25376385401732354;0.501526199806903;-0.645
4.435770511627197;-0.25376385401732354;0.501526199806903;-0.645
4.438769102096558;-0.25376385401732354;0.501526199806903;-0.645
4.4423298835754395;-0.25376385401732354;0.501526199806903;-0.645
4.446321725845337;-0.2441947886861349;0.5694218458530803;-0.47
4.449313163757324;-0.2441947886861349;0.5694218458530803;-0.47
4.452872037887573;-0.2441947886861349;0.5694218458530803;-0.47
4.4568445682525635;-0.24193857025023685;0.6277345758196332;-0.631
4.460838794708252;-0.24193857025023685;0.6277345758196332;-0.631
4.463833332061768;-0.24193857025023685;0.6277345758196332;-0.631
4.467830657958984;-0.24193857025023685;0.6277345758196332;-0.631
4.471359014511108;-0.25095003203573557;0.6695733627307675;-0.705
4.47437310218811;-0.25095003203573557;0.6695733627307675;-0.705
4.478285312652588;-0.25095003203573557;0.6695733627307675;-0.705
4.482293128967285;-0.26573454574454103;0.66777202018999;-0.684
4.486290693283081;-0.26573454574454103;0.66777202018999;-0.684
4.490286588668823;-0.26573454574454103;0.66777202018999;-0.684
4.4942591190338135;-0.26546242399138864;0.6354729841605072;-0.667
4.498265981674194;-0.26546242399138864;0.6354729841605072;-0.667
4.501267194747925;-0.26546242399138864;0.6354729841605072;-0.667
4.504268646240234;-0.26546242399138864;0.6354729841605072;-0.667
4.5072784423828125;-0.2566385812332366;0.5965991874972879;-0.671
4.510831117630005;-0.2566385812332366;0.5965991874972879;-0.671
4.514833211898804;-0.2566385812332366;0.5965991874972879;-0.671
4.518818140029907;-0.25634978534562186;0.541020201077728;-0.748
4.522666931152344;-0.25634978534562186;0.541020201077728;-0.748
4.525690078735352;-0.25634978534562186;0.541020201077728;-0.748
4.529193162918091;-0.25634978534562186;0.541020201077728;-0.748
4.532803535461426;-0.25591670482000195;0.5183498223153732;-0.64
4.53578519821167;-0.25591670482000195;0.5183498223153732;-0.64
4.538802862167358;-0.25591670482000195;0.5183498223153732;-0.64
4.542240858078003;-0.25591670482000195;0.5183498223153732;-0.64
4.546074628829956;-0.25591670482000195;0.5183498223153732;-0.64
4.549646377563477;-0.25803727085199035;0.44495395300300356;-0.516
4.552664756774902;-0.25803727085199035;0.44495395300300356;-0.516
4.556223392486572;-0.25803727085199035;0.44495395300300356;-0.516
4.560780048370361;-0.25803727085199035;0.44495395300300356;-0.516
4.564768552780151;-0.25377297853103536;0.4232852227874269;-0.434
4.567760705947876;-0.25377297853103536;0.4232852227874269;-0.434
4.571575403213501;-0.25377297853103536;0.4232852227874269;-0.434
4.574547290802002;-0.25377297853103536;0.4232852227874269;-0.434
4.578548192977905;-0.247989444255104;0.44130769535282405;-0.415
4.582521438598633;-0.247989444255104;0.44130769535282405;-0.415
4.586518049240112;-0.247989444255104;0.44130769535282405;-0.415
4.590510606765747;-0.247989444255104;0.44130769535282405;-0.415
4.594506025314331;-0.24620883334638935;0.673890795552345;-0.692
4.597501754760742;-0.24620883334638935;0.673890795552345;-0.692
4.601077318191528;-0.24620883334638935;0.673890795552345;-0.692
4.6050755977630615;-0.24620883334638935;0.673890795552345;-0.692
4.610064744949341;-0.270687707690415;0.6827245908780759;-0.729
4.616095304489136;-0.270687707690415;0.6827245908780759;-0.729
4.62006688117981;-0.270687707690415;0.6827245908780759;-0.729
4.624067544937134;-0.270687707690415;0.6827245908780759;-0.729
4.628067970275879;-0.2833456598719599;0.6492714070663207;-0.701
4.63206934928894;-0.2833456598719599;0.6492714070663207;-0.701
4.635640859603882;-0.2833456598719599;0.6492714070663207;-0.701
4.639128684997559;-0.2833456598719599;0.6492714070663207;-0.701
4.642129182815552;-0.2833456598719599;0.6492714070663207;-0.701
4.646701097488403;-0.2731627520897821;0.5949491416363976;-0.763
4.65024209022522;-0.2731627520897821;0.5949491416363976;-0.763
4.65388298034668;-0.2731627520897821;0.5949491416363976;-0.763
4.6574013233184814;-0.2665188966800981;0.5339789135234889;-0.733
4.66143536567688;-0.2665188966800981;0.5339789135234889;-0.733
4.665455341339111;-0.2665188966800981;0.5339789135234889;-0.733
4.669074773788452;-0.2665188966800981;0.5339789135234889;-0.733
4.672704219818115;-0.2665188966800981;0.5339789135234889;-0.733
4.676717042922974;-0.26752160849814144;0.548184476633005;-0.473
4.680752992630005;-0.26752160849814144;0.548184476633005;-0.473
4.684792995452881;-0.26752160849814144;0.548184476633005;-0.473
4.688798427581787;-0.26752160849814144;0.548184476633005;-0.473
4.692818641662598;-0.2664289952238992;0.4778815515381365;-0.578
4.696809530258179;-0.2664289952238992;0.4778815515381365;-0.578
4.700469017028809;-0.2664289952238992;0.4778815515381365;-0.578
4.704092264175415;-0.2664289952238992;0.4778815515381365;-0.578
4.70819091796875;-0.2651102664284855;0.5332326198460768;-0.645
4.712190628051758;-0.2651102664284855;0.5332326198460768;-0.645
4.715758562088013;-0.2651102664284855;0.5332326198460768;-0.645
4.719425678253174;-0.2651102664284855;0.5332326198460768;-0.645
4.723454475402832;-0.25684815825643365;0.6800772970483595;-0.68
4.727471113204956;-0.25684815825643365;0.6800772970483595;-0.68
4.731037855148315;-0.25684815825643365;0.6800772970483595;-0.68
4.734551429748535;-0.25684815825643365;0.6800772970483595;-0.68
4.738523244857788;-0.2597822365811935;0.6873111608256686;-0.806
4.742532730102539;-0.2597822365811935;0.6873111608256686;-0.806
4.7465245723724365;-0.2597822365811935;0.6873111608256686;-0.806
4.750107049942017;-0.2597822365811935;0.6873111608256686;-0.806
4.754137277603149;-0.26289001783781596;0.6072517701932404;-0.763
4.758158206939697;-0.26289001783781596;0.6072517701932404;-0.763
4.762154817581177;-0.26289001783781596;0.6072517701932404;-0.763
4.765841722488403;-0.2520817433474596;0.604362162396662;-0.578
4.769835710525513;-0.2520817433474596;0.604362162396662;-0.578
4.773566246032715;-0.2520817433474596;0.604362162396662;-0.578
4.7776877880096436;-0.2520817433474596;0.604362162396662;-0.578
4.7816877365112305;-0.2563358588663962;0.5327854116266003;-0.658
4.785717964172363;-0.2563358588663962;0.5327854116266003;-0.658
4.789734125137329;-0.2563358588663962;0.5327854116266003;-0.658
4.793420076370239;-0.2645820300841307;0.4982126811045586;-0.612
4.797067880630493;-0.2645820300841307;0.4982126811045586;-0.612
4.800632953643799;-0.2645820300841307;0.4982126811045586;-0.612
4.8046815395355225;-0.2645820300841307;0.4982126811045586;-0.612
4.808688640594482;-0.26900571749451974;0.48972475079953415;-0.593
4.8126585483551025;-0.26900571749451974;0.48972475079953415;-0.593
4.816166877746582;-0.26900571749451974;0.48972475079953415;-0.593
4.8201634883880615;-0.2700322262170146;0.5533232790528247;-0.676
4.824187755584717;-0.2700322262170146;0.5533232790528247;-0.676
4.828188180923462;-0.2700322262170146;0.5533232790528247;-0.676
4.832195281982422;-0.26346492738666377;0.7857338838394564;-0.68
4.8362226486206055;-0.26346492738666377;0.7857338838394564;-0.68
4.839808702468872;-0.26346492738666377;0.7857338838394564;-0.68
4.84374475479126;-0.26346492738666377;0.7857338838394564;-0.68
4.847765684127808;-0.27549659455583914;0.6994530779481268;-0.795
4.851759672164917;-0.27549659455583914;0.6994530779481268;-0.795
4.855098009109497;-0.27549659455583914;0.6994530779481268;-0.795
4.858682632446289;-0.27549659455583914;0.6994530779481268;-0.795
4.8626532554626465;-0.270687707690415;0.6489295935078764;-0.729
4.866655349731445;-0.270687707690415;0.6489295935078764;-0.729
4.870645523071289;-0.270687707690415;0.6489295935078764;-0.729
4.875274658203125;-0.2668546162776985;0.6225020259899329;-0.608
4.879281997680664;-0.2668546162776985;0.6225020259899329;-0.608
4.883306980133057;-0.2668546162776985;0.6225020259899329;-0.608
4.8873372077941895;-0.2668546162776985;0.6225020259899329;-0.608
4.891367197036743;-0.2727619363935551;0.5484807529580625;-0.725
4.895387172698975;-0.2727619363935551;0.5484807529580625;-0.725
4.89938759803772;-0.2727619363935551;0.5484807529580625;-0.725
4.903425931930542;-0.2727619363935551;0.5484807529580625;-0.725
4.90741753578186;-0.27692643606560197;0.5277355038090483;-0.713
4.911097526550293;-0.27692643606560197;0.5277355038090483;-0.713
4.915095329284668;-0.27692643606560197;0.5277355038090483;-0.713
4.919095516204834;-0.27692643606560197;0.5277355038090483;-0.713
4.923243284225464;-0.2832036760971331;0.6402409902156526;-0.603
4.926818132400513;-0.2832036760971331;0.6402409902156526;-0.603
4.930862903594971;-0.2832036760971331;0.6402409902156526;-0.603
4.934871673583984;-0.2832036760971331;0.6402409902156526;-0.603
4.938911199569702;-0.29028092318800713;0.8247289223876835;-0.593
4.9429497718811035;-0.29028092318800713;0.8247289223876835;-0.593
4.946582555770874;-0.29028092318800713;0.8247289223876835;-0.593
4.95115852355957;-0.29028092318800713;0.8247289223876835;-0.593
4.954725742340088;-0.29028092318800713;0.8247289223876835;-0.593
4.958749532699585;-0.29028092318800713;0.8247289223876835;-0.593
4.9630632400512695;-0.3126837434304385;0.699243148226375;-0.894
4.9670569896698;-0.3126837434304385;0.699243148226375;-0.894
4.971057653427124;-0.3126837434304385;0.699243148226375;-0.894
4.975064516067505;-0.3126837434304385;0.699243148226375;-0.894
4.979064464569092;-0.30805951336163434;0.731478961814121;-0.654
4.98261570930481;-0.30805951336163434;0.731478961814121;-0.654
4.987287759780884;-0.30805951336163434;0.731478961814121;-0.654
4.991281270980835;-0.31056655692238233;0.5440340330443336;-0.744
4.99558162689209;-0.31056655692238233;0.5440340330443336;-0.744
4.9995927810668945;-0.31056655692238233;0.5440340330443336;-0.744
5.003592491149902;-0.31056655692238233;0.5440340330443336;-0.744
5.007593393325806;-0.3253539483179485;0.5047375218705601;-0.676
5.0114662647247314;-0.3253539483179485;0.5047375218705601;-0.676
5.015946388244629;-0.3253539483179485;0.5047375218705601;-0.676
5.0199456214904785;-0.33890964029250326;0.5066045435212739;-0.617
5.023694276809692;-0.33890964029250326;0.5066045435212739;-0.617
5.027425050735474;-0.33890964029250326;0.5066045435212739;-0.617
5.031412363052368;-0.33890964029250326;0.5066045435212739;-0.617
5.035920858383179;-0.3388340657938438;0.5669982096333726;-0.806
5.039912939071655;-0.3388340657938438;0.5669982096333726;-0.806
5.044422149658203;-0.3388340657938438;0.5669982096333726;-0.806
5.048421621322632;-0.3509727505669607;0.818385153481348;-0.608
5.05238938331604;-0.3509727505669607;0.818385153481348;-0.608
5.056386232376099;-0.3509727505669607;0.818385153481348;-0.608
5.0604047775268555;-0.3509727505669607;0.818385153481348;-0.608
5.064371824264526;-0.3509727505669607;0.818385153481348;-0.608
5.069240093231201;-0.3509727505669607;0.818385153481348;-0.608
5.073774576187134;-0.3509727505669607;0.818385153481348;-0.608
5.078411817550659;-0.43237682519850423;0.6389046016314887;-0.87
5.08195161819458;-0.43237682519850423;0.6389046016314887;-0.87
5.085951089859009;-0.43237682519850423;0.6389046016314887;-0.87
5.089951038360596;-0.4548047723378199;0.568057106542465;-0.858
5.093958139419556;-0.4548047723378199;0.568057106542465;-0.858
5.097948312759399;-0.4548047723378199;0.568057106542465;-0.858
5.1019439697265625;-0.4548047723378199;0.568057106542465;-0.858
5.105946779251099;-0.5323480685597224;0.5805439439149498;-0.588
5.109455823898315;-0.5323480685597224;0.5805439439149498;-0.588
5.113456726074219;-0.5323480685597224;0.5805439439149498;-0.588
5.117965459823608;-0.56772128462913;0.5614064832371628;-0.578
5.121956825256348;-0.56772128462913;0.5614064832371628;-0.578
5.125957012176514;-0.56772128462913;0.5614064832371628;-0.578
5.129711627960205;-0.56772128462913;0.5614064832371628;-0.578
5.133718490600586;-0.5916733363390134;0.5923852693047661;-0.588
5.138460159301758;-0.5916733363390134;0.5923852693047661;-0.588
5.142474412918091;-0.5916733363390134;0.5923852693047661;-0.588
5.146474361419678;-0.5209298161645889;0.5772963598336438;-0.919
5.1511640548706055;-0.5209298161645889;0.5772963598336438;-0.919
5.155160188674927;-0.5209298161645889;0.5772963598336438;-0.919
5.159155368804932;-0.5209298161645889;0.5772963598336438;-0.919
5.163156270980835;-0.5104896409702308;0.6444729304114237;-0.87
5.167156219482422;-0.5104896409702308;0.6444729304114237;-0.87
5.17215633392334;-0.5104896409702308;0.6444729304114237;-0.87
5.176156282424927;-0.4176825743678036;0.6116837210320384;-0.839
5.1801438331604;-0.4176825743678036;0.6116837210320384;-0.839
5.184138536453247;-0.4176825743678036;0.6116837210320384;-0.839
5.1878252029418945;-0.4176825743678036;0.6116837210320384;-0.839
5.1918253898620605;-0.3089136834223296;0.6411575619414963;-0.608
5.196347236633301;-0.3089136834223296;0.6411575619414963;-0.608
5.200369358062744;-0.3089136834223296;0.6411575619414963;-0.608
5.204362630844116;-0.3089136834223296;0.6411575619414963;-0.608
5.209030389785767;-0.18172496719599304;0.5613784210976138;-0.774
5.2130515575408936;-0.18172496719599304;0.5613784210976138;-0.774
5.217071771621704;-0.18172496719599304;0.5613784210976138;-0.774
5.220762252807617;-0.18172496719599304;0.5613784210976138;-0.774
5.225285053253174;-0.05494182001743391;0.598173808321658;-0.612
5.229408264160156;-0.05494182001743391;0.598173808321658;-0.612
5.233880519866943;-0.05494182001743391;0.598173808321658;-0.612
5.237880706787109;-0.06469456879593799;0.5411610989962425;-0.959
5.241901159286499;-0.06469456879593799;0.5411610989962425;-0.959
5.245900869369507;-0.06469456879593799;0.5411610989962425;-0.959
5.249921798706055;-0.06469456879593799;0.5411610989962425;-0.959
5.253947496414185;-0.06043826728282757;0.6152170582704666;-0.983
5.257967948913574;-0.06043826728282757;0.6152170582704666;-0.983
5.261966943740845;-0.06043826728282757;0.6152170582704666;-0.983
5.26665472984314;-0.06043826728282757;0.6152170582704666;-0.983
5.271243333816528;-0.059562500648187654;0.6350704176868981;-0.891
5.275788307189941;-0.059562500648187654;0.6350704176868981;-0.891
5.2796313762664795;-0.059562500648187654;0.6350704176868981;-0.891
5.284111976623535;-0.059562500648187654;0.6350704176868981;-0.891
5.288944721221924;-0.0996379928885418;0.5768953663239234;-0.891
5.293035507202148;-0.0996379928885418;0.5768953663239234;-0.891
5.297441720962524;-0.0996379928885418;0.5768953663239234;-0.891
5.301464557647705;-0.0996379928885418;0.5768953663239234;-0.891
5.305032014846802;-0.0996379928885418;0.5768953663239234;-0.891
5.309030771255493;-0.0996379928885418;0.5768953663239234;-0.891
5.31360936164856;-0.36676087758310877;0.5631569431959216;-0.717
5.31767463684082;-0.36676087758310877;0.5631569431959216;-0.717
5.321252346038818;-0.36676087758310877;0.5631569431959216;-0.717
5.32522439956665;-0.36676087758310877;0.5631569431959216;-0.717
5.329690217971802;-0.44468645008572777;0.6659789688580751;-0.741
5.333237171173096;-0.44468645008572777;0.6659789688580751;-0.741
5.337255239486694;-0.44468645008572777;0.6659789688580751;-0.741
5.341250658035278;-0.4426054783234288;0.6367702803015524;-0.876
5.345084190368652;-0.4426054783234288;0.6367702803015524;-0.876
5.349122762680054;-0.4426054783234288;0.6367702803015524;-0.876
5.3531529903411865;-0.4426054783234288;0.6367702803015524;-0.876
5.357141733169556;-0.4368638344015875;0.5924211552913201;-0.852
5.361170053482056;-0.4368638344015875;0.5924211552913201;-0.852
5.365187883377075;-0.4368638344015875;0.5924211552913201;-0.852
5.369757652282715;-0.4225176707434572;0.5680556395039539;-0.697
5.374243974685669;-0.4225176707434572;0.5680556395039539;-0.697
5.378248929977417;-0.4225176707434572;0.5680556395039539;-0.697
5.38228440284729;-0.4225176707434572;0.5680556395039539;-0.697
5.386293411254883;-0.38240535660872493;0.5246262629493178;-0.654
5.390293836593628;-0.38240535660872493;0.5246262629493178;-0.654
5.3943116664886475;-0.38240535660872493;0.5246262629493178;-0.654
5.39831805229187;-0.38240535660872493;0.5246262629493178;-0.654
5.402886152267456;-0.3393758337440743;0.4761796721641527;-0.415
5.406893968582153;-0.3393758337440743;0.4761796721641527;-0.415
5.4114062786102295;-0.3393758337440743;0.4761796721641527;-0.415
5.415406227111816;-0.3738947193962239;0.4778976598960274;-0.422
5.41921067237854;-0.3738947193962239;0.4778976598960274;-0.422
5.422948122024536;-0.3738947193962239;0.4778976598960274;-0.422
5.42694878578186;-0.3738947193962239;0.4778976598960274;-0.422
5.430949449539185;-0.45055206097154027;0.5614064832371628;-0.578
5.434943914413452;-0.45055206097154027;0.5614064832371628;-0.578
5.4389448165893555;-0.45055206097154027;0.5614064832371628;-0.578
5.443610668182373;-0.45055206097154027;0.5614064832371628;-0.578
5.448640823364258;-0.45982796403173065;0.6918628198217807;-0.778
5.452639818191528;-0.45982796403173065;0.6918628198217807;-0.778
5.456686735153198;-0.45982796403173065;0.6918628198217807;-0.778
5.461461544036865;-0.45982796403173065;0.6918628198217807;-0.778
5.466022729873657;-0.4501122820481333;0.7106041705994349;-0.802
5.470059633255005;-0.4501122820481333;0.7106041705994349;-0.802
5.474639892578125;-0.4501122820481333;0.7106041705994349;-0.802
5.47952127456665;-0.4501122820481333;0.7106041705994349;-0.802
5.48352313041687;-0.42841151034595987;0.6522509478404345;-0.816
5.487518548965454;-0.42841151034595987;0.6522509478404345;-0.816
5.491533517837524;-0.42841151034595987;0.6522509478404345;-0.816
5.496504068374634;-0.42841151034595987;0.6522509478404345;-0.816
5.500493288040161;-0.42841151034595987;0.6522509478404345;-0.816
5.505152463912964;-0.38923485567448024;0.5953811829196748;-0.836
5.509687423706055;-0.38923485567448024;0.5953811829196748;-0.836
5.514402627944946;-0.38923485567448024;0.5953811829196748;-0.836
5.518836259841919;-0.38923485567448024;0.5953811829196748;-0.836
5.523765325546265;-0.3558652777252994;0.5317493351599776;-0.684
5.52775764465332;-0.3558652777252994;0.5317493351599776;-0.684
5.531426429748535;-0.3558652777252994;0.5317493351599776;-0.684
5.536435842514038;-0.3558652777252994;0.5317493351599776;-0.684
5.541130065917969;-0.3465379489352516;0.48807451049391043;-0.603
5.545710325241089;-0.3465379489352516;0.48807451049391043;-0.603
5.549735069274902;-0.3465379489352516;0.48807451049391043;-0.603
5.553727626800537;-0.3465379489352516;0.48807451049391043;-0.603
5.557729721069336;-0.3465379489352516;0.48807451049391043;-0.603
5.561759948730469;-0.3158274147671011;0.49588800372741665;-0.612
5.565753698348999;-0.3158274147671011;0.49588800372741665;-0.612
5.570722818374634;-0.3158274147671011;0.49588800372741665;-0.612
5.574764728546143;-0.30674455978968906;0.646356567555663;-0.598
5.579467058181763;-0.30674455978968906;0.646356567555663;-0.598
5.583467245101929;-0.30674455978968906;0.646356567555663;-0.598
5.587503433227539;-0.30674455978968906;0.646356567555663;-0.598
5.592543601989746;-0.3064181745025127;0.6382900399312192;-0.845
5.596593141555786;-0.3064181745025127;0.6382900399312192;-0.845
5.601592063903809;-0.3064181745025127;0.6382900399312192;-0.845
5.606637716293335;-0.3064181745025127;0.6382900399312192;-0.845
5.61167311668396;-0.29206762929847935;0.5736390836631028;-0.692
5.61567234992981;-0.29206762929847935;0.5736390836631028;-0.692
