timestamp;w;x;y;z
0.16202330589294434;0.3590844729444032;0.569552100093344;0.39593487878025274;-0.6244231884986081
0.16301798820495605;0.35936407793815317;0.5712967570859172;0.39415864888355917;-0.6237919800230382
0.1640183925628662;0.36256838616938947;0.575960682370703;0.3899409990736582;-0.6202898314135384
0.1640183925628662;0.36736914492397554;0.5808960375447292;0.3836927538159332;-0.6167491999117675
0.1640183925628662;0.3711700437437018;0.5851603127707694;0.3781526173561243;-0.6138573164604512
0.16501903533935547;0.3741493504777662;0.5888604632642173;0.37322838599684915;-0.6115195746887454
0.16601967811584473;0.3764523293913626;0.5920851006863078;0.3688380928259747;-0.6096534577295527
0.16601967811584473;0.37265876091594585;0.5918999986410355;0.3682830016088923;-0.6124928328129878
0.16601967811584473;0.3697257679957254;0.5901269795646572;0.36711197142014074;-0.61666993190027
0.16601967811584473;0.36922919498350565;0.587622573111965;0.3646098824544567;-0.6208294022979687
0.16601967811584473;0.3687504518080931;0.5843298472259236;0.3626005566085477;-0.6253819395213035
0.16701912879943848;0.3680912239148698;0.5816762884697383;0.36065014085312497;-0.6293592155609894
0.16801929473876953;0.36729196608076436;0.5795573868872029;0.3587652629316542;-0.6328485862120455
0.16801929473876953;0.369805962304507;0.5805569775393233;0.3571947512332746;-0.6313549364389591
0.16801929473876953;0.3626489183963913;0.5764791243679797;0.36398886587791474;-0.6353500505003241
0.1690201759338379;0.36085277186526044;0.5767909050800556;0.36569038501772805;-0.6351126444652747
0.1690201759338379;0.36015658412074303;0.5784107352760337;0.366975852678556;-0.633290596632196
0.17001986503601074;0.35960595000443685;0.579751828435335;0.3681039308236345;-0.6317205665952956
0.17001986503601074;0.35918016374346284;0.5808584379419883;0.36909956073622674;-0.6303638626294635
0.17001986503601074;0.35886060034914996;0.5817679522038394;0.3699831017355656;-0.6291880670639972
0.17001986503601074;0.3586307544853732;0.5825119384574492;0.3707712709867043;-0.6281659717803096
0.17001986503601074;0.35924254515700227;0.5836414942486771;0.37243507014699906;-0.6257791291381413
0.17001986503601074;0.36513217494089906;0.5838026491531869;0.3710577136114361;-0.6230322101096404
0.17001986503601074;0.36498128435156074;0.5825872470891603;0.372298826179784;-0.6235177187757488
0.17001986503601074;0.3652277967743707;0.582811483900677;0.3723518736658797;-0.6231320188165095
0.17001986503601074;0.3654510392363355;0.5829923733725417;0.3724112013923576;-0.6227963773080525
0.17001986503601074;0.36565411898336614;0.5831369902110766;0.37247522196357336;-0.6225034336782825
0.1710207462310791;0.36337338221374216;0.5815383810820502;0.3740168723125576;-0.6244071393350221
0.17202258110046387;0.3632302963857982;0.5814684871351578;0.3733775516795599;-0.6249378802393193
0.17202258110046387;0.36295370375894787;0.579032037194086;0.3735700840789228;-0.6272415014265199
0.17202258110046387;0.3623546287859903;0.5753987484461747;0.3733909575417953;-0.6310266207617269
0.17302250862121582;0.36176264867271735;0.5723658647391316;0.37316011191608756;-0.634252815351654
0.17302250862121582;0.36117967859987643;0.5698413727607105;0.3728904874396576;-0.6370107801550092
0.17402243614196777;0.3612167447764481;0.5715462794249753;0.37027494136788613;-0.6369880544904928
0.17402243614196777;0.358883511887509;0.5718335142163835;0.37107603778787884;-0.6375826464811274
0.17402243614196777;0.35871043795361185;0.5746016661765532;0.36792694607977994;-0.6370160981314865
0.17502236366271973;0.3583560961946927;0.5773527337447688;0.3657054101808241;-0.6360065110688863
0.17602276802062988;0.35790242609047096;0.579753534759973;0.36367911316968304;-0.6352394784457155
0.17602276802062988;0.3552550742805941;0.5809264776459496;0.36341622524463735;-0.635804142009706
0.17602276802062988;0.35327207670151595;0.5838558360300573;0.36114538449548256;-0.635519640777727
0.17602276802062988;0.3523851042730256;0.5925832209211145;0.3557523280961136;-0.6309597020598396
0.17702317237854004;0.3515524824875101;0.5917032832201491;0.35347010519468053;-0.633527395948294
0.17801856994628906;0.35080508962242307;0.5902227001374566;0.35166962843829036;-0.6363186511265629
0.17801856994628906;0.3501282681396279;0.5925599997112665;0.3505511777646899;-0.6351351937654828
0.17901849746704102;0.34946124025417596;0.5945810840050292;0.3495123659081776;-0.6341855266250451
0.17901849746704102;0.3492938944132869;0.5982182352782559;0.34932618009338545;-0.6309516132062207
0.18001866340637207;0.34816683220155564;0.6000653299532273;0.35095257951338876;-0.6289147348216265
0.18101835250854492;0.34817863365339574;0.6005995007375644;0.3486834460511522;-0.6296600140003619
0.18101835250854492;0.3492939396898521;0.5991358815476208;0.3460015997482934;-0.6319120445993406
0.18101835250854492;0.3493043454368636;0.5944074864767751;0.3446782677864396;-0.6370738622758166
0.18101835250854492;0.349133899369857;0.5904875319832238;0.3433699125661811;-0.6415037786540723
0.18101835250854492;0.3488215813599761;0.5872497559244036;0.34208898986040004;-0.6453187983938984
0.18201851844787598;0.3483980905027947;0.5845868090034814;0.3408434341117629;-0.6486160549169546
0.183013916015625;0.3478878683577423;0.5824076398758292;0.33963794042731005;-0.6514763552778162
0.18401408195495605;0.34420658759655104;0.5808924817866183;0.34004822817824015;-0.6545631766084619
0.1850144863128662;0.34442286216533313;0.5834251933555054;0.336634366276752;-0.6539611909107304
0.18600702285766602;0.33912070644719045;0.5841744312358581;0.34190565088512836;-0.6533283295876866
0.18700647354125977;0.33459993607188254;0.5847994942335496;0.3463403911059189;-0.6527639449398809
0.18800663948059082;0.33075648486601583;0.5853193855078126;0.3500824322480262;-0.652260419847119
0.18900322914123535;0.3274976220822592;0.5857498274332296;0.35324920277259264;-0.6518108989062205
0.18900322914123535;0.3270441762178057;0.5885113097917711;0.34983948544864174;-0.6513899596019427
0.1900026798248291;0.3256359538033019;0.5952897512285513;0.34836424461969534;-0.6467098968961371
0.19100236892700195;0.32533131291373324;0.6021376850366892;0.3471463878931637;-0.641154529321296
0.1920020580291748;0.3275885408544607;0.6078447232785611;0.345718246343446;-0.6353655911587179
0.19300365447998047;0.32744259717812907;0.6131099540739026;0.34443047349552447;-0.6310666990868614
0.19400358200073242;0.32529864783846807;0.6169032734964872;0.34334773442706895;-0.6290655563036188
0.19500374794006348;0.3214648107953309;0.6161397573614769;0.34579707499013135;-0.6304415577570471
0.19600415229797363;0.3253276887294865;0.6186243123169988;0.3411268739804596;-0.6285684616687115
0.19700407981872559;0.32685409723296943;0.6186476970191336;0.3394651394119805;-0.6286531994819938
0.19800400733947754;0.33537966158516513;0.6180221055291915;0.33566018108626255;-0.6268184765188581
0.1990041732788086;0.3333551068561318;0.6160069422553219;0.3363248832300318;-0.6295199700934759
0.19999337196350098;0.3315745947154649;0.6143384449614345;0.3368057183007408;-0.6318294637808242
0.20099329948425293;0.3300045436028188;0.6129614811417022;0.3371380038832686;-0.633808480675094
0.20199322700500488;0.3286153524091675;0.6118297154892793;0.337349840084965;-0.6355087999390368
0.2029883861541748;0.33033175560075767;0.6122679001237307;0.33302402076795234;-0.6364777696914049
0.20398855209350586;0.330962327650822;0.6138261479156875;0.3315782346129837;-0.6354032358604068
0.2049884796142578;0.33397263477145267;0.6164776773205651;0.32755940197083516;-0.6333422382644031
0.20598793029785156;0.33638135291691423;0.618764098330182;0.3240245182611191;-0.6316539302443016
0.20698785781860352;0.3382892901828097;0.6207451421839337;0.32090391607252405;-0.6302828739954602
0.20798778533935547;0.34026782674438844;0.6229171853259222;0.3216757316785074;-0.6266711338153198
0.20898747444152832;0.3475374462675672;0.6250524978055584;0.31794891436526673;-0.6224432394064526
0.20998716354370117;0.34823568497745433;0.6217259012519585;0.31999660983133604;-0.6243324283722372
0.21098709106445312;0.35082396462717297;0.6208634446384416;0.3192025669876638;-0.6241480995592688
0.21198725700378418;0.35304727606568614;0.6201133608775888;0.3185650960729892;-0.6239658004151412
0.21298742294311523;0.354964978173791;0.6194575751140993;0.31806196206787046;-0.62378583278989
0.2139875888824463;0.35388771081560655;0.6189942018411438;0.3198933628629259;-0.6239213913763363
0.21498727798461914;0.35662730581601954;0.61751105534326;0.31892003233342764;-0.6243292995300684
0.2159872055053711;0.35728136959399576;0.6148497348110493;0.31985576545918953;-0.6261007234034607
0.21698713302612305;0.3563591929993996;0.6096791028198832;0.32192863584114245;-0.6306040521397084
0.2179875373840332;0.3544053182368017;0.60392666691222;0.3243248743833552;-0.6359896439832873
0.21898746490478516;0.35270810564232047;0.5990521096367779;0.32629904860273184;-0.6405173635701717
0.4566621780395508;0.3512366517305814;0.5949251336019635;0.32792752341436426;-0.6443294493324805
0.45766234397888184;0.3497415318290088;0.5944315152193267;0.3294214976548022;-0.6448360345939276
0.45865535736083984;0.3480469907230023;0.5944512962636331;0.3318213598166805;-0.6445040991247128
0.45965576171875;0.34683181964188436;0.5949901949926214;0.3323170513068431;-0.6444064976063377
0.46065616607666016;0.3436457452446414;0.5977591744177759;0.33354846567400775;-0.6429128962940076
0.46164774894714355;0.3417289921062986;0.601517842488499;0.3348682002786722;-0.6397349994834719
0.4626474380493164;0.3401618026010478;0.6039676047149203;0.3366359144598743;-0.6373298530603221
0.46364665031433105;0.341036633134041;0.6034650451579958;0.3352430060004358;-0.638072159760044
0.46463894844055176;0.3406314251934275;0.6049695774449485;0.33575939798082344;-0.6365906606323484
0.4656388759613037;0.34057239420087715;0.6048782588299318;0.33637670014048315;-0.6363831015243505
0.46663808822631836;0.34056101455703464;0.6047802665891193;0.3369407388951572;-0.6361839065718832
0.4676401615142822;0.34058848441427036;0.6046773889465046;0.33745795988448685;-0.6359928182706374
0.4686400890350342;0.3406474436065662;0.6045710998513281;0.3379339150288766;-0.63580954181431
0.46963977813720703;0.34083922799257543;0.6058036583119216;0.3374988797470131;-0.6347637784300779
0.47063517570495605;0.3404174074195143;0.605736379280677;0.3379133216568953;-0.6348338480173501
0.4716355800628662;0.34036467473055465;0.6052033183094058;0.338088968720858;-0.6352768537670127
0.47263526916503906;0.339236086983498;0.6054844454675271;0.3391789547594224;-0.6350315742018751
0.473635196685791;0.33831195948369597;0.6057054702521689;0.3401322569908826;-0.6348038666637037
0.47463512420654297;0.3375588601764032;0.605876790486381;0.3409686265356909;-0.6345925672308917
0.4756350517272949;0.3377157784496372;0.6057087246723899;0.3411885797652841;-0.6345512957040201
0.4766347408294678;0.3377101965366756;0.605580912396042;0.34132099452729;-0.6346050428350212
0.47763490676879883;0.33842100486344023;0.6052657717527903;0.34079596298691944;-0.6348091686668812
0.4786348342895508;0.3387261006587117;0.6039439140551218;0.34013519948061066;-0.6362581421739206
0.47963523864746094;0.33892005123095154;0.6028599176320588;0.33951249935803457;-0.63751422052056
0.4806351661682129;0.3390234358027554;0.6019752076264868;0.3389252618152165;-0.6386067853405805
0.4816291332244873;0.33877414353941987;0.602558616036742;0.33837172664190673;-0.6384823948382552
0.48262858390808105;0.33836224495373696;0.603150487571975;0.3379019710339526;-0.6383907412415425
0.4836287498474121;0.33810004536819677;0.6035853946050196;0.33756903310633946;-0.6382947427553961
0.48462891578674316;0.3368119544599162;0.6045181717790701;0.33838673334334995;-0.637659710205215
0.4856247901916504;0.33621743572898455;0.604349784149798;0.33862211528552794;-0.6380080229507098
0.48662495613098145;0.33569593087867744;0.604217303461649;0.3388036661751165;-0.6383116542687686
0.4876246452331543;0.33523672132880666;0.6041147853334304;0.33894030110921625;-0.6385774339093491
0.48862457275390625;0.33483072784238554;0.6040372403735049;0.3390395000057981;-0.6388110936500065
0.4896245002746582;0.33310674559310083;0.6043255041403711;0.3398104897051219;-0.6390300557659434
0.49062442779541016;0.3316260710585826;0.60457939997799;0.3404413591422436;-0.6392242009669874
0.4916243553161621;0.3303514854712194;0.6048043895136226;0.340954519280446;-0.6393978122063391
0.49262452125549316;0.32925149141713267;0.6050049978901378;0.3413687419869783;-0.6395543682297666
0.4936237335205078;0.32751899976193927;0.6050487697432915;0.341985234014348;-0.6400729573597216
0.49462413787841797;0.32605264253124683;0.6070283056742143;0.34225505980715715;-0.6388018350357824
0.49561333656311035;0.3247133795985914;0.6097729716358502;0.34257203046945456;-0.6366965903097651
0.4966132640838623;0.32352555869159894;0.6107605471423302;0.3428100377187152;-0.6362264101457775
0.49761319160461426;0.5359816680921276;0.45996186434396147;0.5409466068309523;0.4566568770712716
0.4986138343811035;0.535600422541386;0.46062734442587455;0.541027731141003;0.456337190109544
0.49961376190185547;0.5353623993352478;0.46132247494047635;0.5409622024490363;0.4559918541095752
0.5006139278411865;0.5352854883942806;0.461799698031471;0.54085971549123;0.4557205865124865
0.5016136169433594;0.5347801140908088;0.46275504123123207;0.5411876269483938;0.45495489207839945
0.5026042461395264;0.5357175648895377;0.4623979666400373;0.5405437301892472;0.45498053460458854
0.5036041736602783;0.5369375526396917;0.4615321916113024;0.5395976230819379;0.45554418648039957
0.5046043395996094;0.5380100909717447;0.4609568144825253;0.538661124986785;0.4559694612829559
0.5059974193572998;0.5375245278949293;0.46098059443168204;0.539254711703939;0.4558164426321718
0.5069966316223145;0.5375166315421164;0.46058824179269725;0.5393703551405638;0.45608547700345675
0.5079965591430664;0.5374621506542353;0.4601755260661419;0.5395240545776485;0.4563843953905174
0.5099966526031494;0.5373648092576885;0.4597532436076505;0.539709956353605;0.4567046964686069
0.5109970569610596;0.5372997381566134;0.4592316956166118;0.5399343317919699;0.45704065297332713
0.5119969844818115;0.5366800005568547;0.45952691774312704;0.5407575399169228;0.4564984905723056
0.5129969120025635;0.5356342886362887;0.4596012396655507;0.5418668292244;0.45633644246463706
0.51399827003479;0.5358043424030057;0.4589747669971156;0.5418102200282617;0.4568342756349973
0.5149986743927002;0.5366375947958241;0.45775415174462836;0.5409736582481709;0.45807065993566976
0.5165145397186279;0.5364384210298248;0.45738909133315375;0.5412071554295538;0.45839268589748583
0.5175132751464844;0.5362257076610719;0.45703756446145943;0.541446874724012;0.4587089894106284
0.5185136795043945;0.5360040772958968;0.4566998638431694;0.5416893410609481;0.4590179966719829
0.5195126533508301;0.5360858706856008;0.4559012759323208;0.5416618172081068;0.4597482372270226
0.5205118656158447;0.5357955040471529;0.45546249745937545;0.5419344465725966;0.460200116111436
0.5220320224761963;0.5355705928302358;0.4548979115487495;0.5421400427351768;0.46077782523376337
0.5230319499969482;0.5650461488788449;0.4132453218850314;0.5790057416304445;0.4179754834153579
0.5240316390991211;0.5925172797578947;0.37253171415346126;0.6079918349623471;0.37481905468813437
0.525597095489502;0.617988234747333;0.33309331268601955;0.6298494441452562;0.3323086885226453
0.5265974998474121;0.6380710575702842;0.29538543236721887;0.6489131214438358;0.2907310314610188
0.527597188949585;0.6531289295085527;0.2595307825497509;0.6657135061857976;0.2507825791994688
0.5285968780517578;0.6662492461280388;0.226973043447687;0.6778845088924426;0.21229171483024584
0.5301010608673096;0.6773504339240292;0.19767590736222665;0.6864508369885849;0.17580066470045236
0.5311005115509033;0.6847222664990272;0.17113455676732858;0.6940632909371877;0.1419314250401437
0.5320999622344971;0.6903409595643243;0.14799666231191067;0.69953647700413;0.11034067623951171
0.533099889755249;0.6944582522209132;0.12815868543989153;0.7033707270878343;0.0810722365827197
0.534623384475708;0.6973237078262223;0.11148099663315493;0.7059664144164567;0.054065290243734535
0.53562331199646;0.6991618215677928;0.09778813263008691;0.7076426853709423;0.029190036309123844
0.536618709564209;0.7013515020964546;0.08635285084625377;0.7075481229090365;0.004990934348433592
0.53761887550354;0.7030841722268792;0.07915879089982228;0.7064849185125734;-0.016899482288061485
0.5386192798614502;0.7030562524328614;0.07329308922491348;0.7064016516666136;-0.03656139370442143
0.5396192073822021;0.7025275428320568;0.06952764727469041;0.7061233723875441;-0.05487021774005117
0.5406055450439453;0.7020847468274243;0.06704474828174486;0.7051976999015304;-0.07265131832045571
0.5416057109832764;0.7022657340167091;0.06654798312613165;0.7030982496582271;-0.08970538498526265
0.5426113605499268;0.7022674057703813;0.06705529615215458;0.7007089800333144;-0.10644718573620332
0.5436112880706787;0.7005103501081116;0.06827935854490988;0.6997012519453518;-0.12264312705657003
0.5451333522796631;0.6984140205539295;0.07086187926323936;0.69867524283745;-0.13801940083556327
0.5466494560241699;0.6960121063162831;0.07461296283942496;0.6976293123674051;-0.15268724951113316
0.547649621963501;0.6933330073258103;0.07936265228555318;0.696555070934023;-0.16673914816517513
0.5491700172424316;0.6905537675350395;0.08605310683789488;0.6953707156376556;-0.17941550875072954
0.5501701831817627;0.688065577645477;0.09048851792391002;0.693485392076159;-0.19353449294713906
0.5511703491210938;0.6856310328558225;0.09582337991989912;0.6911481763052576;-0.20746605755087122
0.552687406539917;0.6828370201240872;0.10185877104378564;0.68891437311233;-0.22080620740539006
0.5542211532592773;0.6797255259474161;0.10847528034596098;0.6867494576668706;-0.2336268506050461
0.5552210807800293;0.6763335603961325;0.11556742478691288;0.684623077844941;-0.24598440335137492
0.5567440986633301;0.671250220302652;0.12320154757683754;0.6841001192519803;-0.2573937591662619
0.557744026184082;0.6660437995345557;0.13136930478535488;0.6832453364977641;-0.2688932372073395
0.5587444305419922;0.6608315486196817;0.13977800426131637;0.682154446765566;-0.28005193202618933
0.5597443580627441;0.655610110260339;0.14836209830658748;0.6808449716359968;-0.29088519334691415
0.5607445240020752;0.6503773875154429;0.1570666802285915;0.6793324605627965;-0.3014078960416487
0.5617444515228271;0.6451592739963341;0.1657617839208626;0.6781390764935075;-0.3105155955832638
0.5627498626708984;0.6391643042734486;0.17329930324884202;0.6774910598905218;-0.32006594227521556
0.5637497901916504;0.6346635981018226;0.17932322044166413;0.6746932283495182;-0.33141265436640116
0.5647497177124023;0.6300284720355995;0.1857300210782635;0.6719079527379093;-0.34221073440543465
0.5657498836517334;0.6252764700268427;0.19243243117017697;0.6691252283392058;-0.35252024660253434
0.5672702789306641;0.6194206419379579;0.2001004441105847;0.666721771757934;-0.3629875475438193
0.5687861442565918;0.6129942358438545;0.20712275579243658;0.6644091377105312;-0.3740303845704305
0.5704770088195801;0.6054345671847068;0.21527631105207448;0.6634890717286847;-0.38325885045786673
0.5714771747589111;0.5981370760204657;0.2234614921374253;0.6622013155851227;-0.39215611363172176
0.5724773406982422;0.5917054572099211;0.22933829793187954;0.659638871750852;-0.4026973502333607
0.5734775066375732;0.5846824512244282;0.23525295449034447;0.6576305034293981;-0.41270400966425613
0.5744779109954834;0.5782286972251328;0.24062066676175364;0.6551527555882392;-0.422525898943002
0.5764780044555664;0.5720378883417759;0.24582882280557689;0.6522216821105452;-0.4323745153965447
0.5774750709533691;0.56607956691847;0.250263899315831;0.648524391708402;-0.4431004603652316
0.5789928436279297;0.5600594663447962;0.25520268817386044;0.644882172222704;-0.4531357037971564
0.5799927711486816;0.5539909649705437;0.2605374011239433;0.641286060475739;-0.4625650894588717
0.5809922218322754;0.548003851484472;0.2665599046101422;0.6383176032108248;-0.4703065313639658
0.5829927921295166;0.5423650818062724;0.27419230159012475;0.6352634135077622;-0.47654915302039036
0.5839929580688477;0.5359407398469266;0.281347900738942;0.6328532406865547;-0.4828122387374259
0.5855114459991455;0.5310844273808162;0.29040171657470926;0.6294638162596299;-0.4872283633204409
0.5865116119384766;0.5261577748397557;0.2989817723523094;0.6260638279421605;-0.49174381452048554
0.5880336761474609;0.5211812595416565;0.30714662028167017;0.6226501886846836;-0.4963242799652744
0.589033842086792;0.514313131852643;0.31345089723902386;0.6205154965146301;-0.5021862762055319
0.5906751155853271;0.5076419154274125;0.31980316718710466;0.6180163185879778;-0.508017174825072
0.5916750431060791;0.50044752259307;0.3264440057696613;0.6157225558645515;-0.5136850420511974
0.592674970626831;0.4935121239189736;0.3329815910974508;0.6132164353096925;-0.5191672630292357
0.5936751365661621;0.4868033481554213;0.33941262773775727;0.6105323355779323;-0.5244729121418732
0.5946750640869141;0.4802944356516424;0.3457336014766549;0.6076994999880764;-0.5296100920547998
0.595674991607666;0.4739633507333415;0.35194106882679527;0.6047429359614459;-0.5345860151925105
0.5966753959655762;0.46804202215272706;0.3551958241996434;0.6015563957849963;-0.5412046698435694
0.5976753234863281;0.46258788899010783;0.35997604680580625;0.5982711142362755;-0.5463527839740776
0.5986752510070801;0.4572110691113206;0.3647792638731565;0.5949884079477097;-0.5512557676234245
0.599675178527832;0.4516138474206093;0.37008331677172224;0.5920371721440191;-0.5554955069709462
0.6011919975280762;0.4456420606672458;0.37415067223223264;0.5890057103556999;-0.5607911388394049
0.603018045425415;0.43975106823112614;0.37838898453783115;0.5858227190591314;-0.565908575835513
0.6040172576904297;0.43408771739290236;0.3831881967557645;0.5820894871241892;-0.5708822019078746
0.6050171852111816;0.42849947763007495;0.38797987892152686;0.5783946787349565;-0.5756035153070876
0.6060173511505127;0.4229894493114666;0.3927428245737473;0.5747384894784849;-0.5800936719435976
0.6070177555084229;0.4175604852416842;0.3974597680081062;0.5711213285572332;-0.5843709455873835
0.6080176830291748;0.4137189268748976;0.40235203224963917;0.5651500396720189;-0.5895378905115295
0.6090176105499268;0.4096124199164972;0.4059279014190446;0.5599374580506182;-0.5949035614042784
0.6100172996520996;0.4036223539027398;0.4090947810722417;0.5545091835896746;-0.6018720967482863
0.6110165119171143;0.3975982036086737;0.41254770752707004;0.5492747699344789;-0.6082904607296912
0.6120164394378662;0.39069495854943537;0.4187469398498014;0.5466039243253189;-0.6109276549990535
0.6130163669586182;0.3814591825908485;0.42315005509053966;0.5470648901851483;-0.6133130756968311
0.6140162944793701;0.3730168979925921;0.4273978133241631;0.5470000254719045;-0.6156139010056902
0.6160163879394531;0.36669332570839547;0.4298502414032913;0.5449616567803485;-0.619501063345065
0.6180078983306885;0.3598493320562587;0.42902409545012704;0.5428188354977552;-0.6259348972303156
0.6200077533721924;0.35339611224546824;0.4288592545589017;0.5405734721389194;-0.6316417092376378
0.6210019588470459;0.347289770316418;0.4292359116194667;0.5382580700820869;-0.6367296110605207
0.6220018863677979;0.34294321451161863;0.43089172810153487;0.5336224781626233;-0.6418483629905833
0.6229918003082275;0.3368803667307298;0.43298344518784604;0.5314975805343716;-0.6454047385871459
0.6250824928283691;0.32967064290280823;0.43427279081763753;0.5300516776392553;-0.6494379334434665
0.6260828971862793;0.3260560838581214;0.43899930758935285;0.5284445519051311;-0.6493946363167468
0.6270825862884521;0.3225707205739386;0.44331955721213273;0.5267882124481645;-0.6495460566020829
0.6290829181671143;0.31920838627928344;0.44728839405145865;0.5250954857621284;-0.6498567761500049
0.6310827732086182;0.3159621384636156;0.45095241289445115;0.5233773225690016;-0.6502968757288278
0.6320829391479492;0.3070314632064234;0.44595481181011926;0.5241021922437238;-0.6573985689899596
0.6330828666687012;0.29892732339417133;0.4421258360113764;0.5243414080810386;-0.6635007823893141
0.6340827941894531;0.29154296911700345;0.4392787679029568;0.5241991809108655;-0.6687690782029923
0.6350836753845215;0.2847869057943352;0.4372518490929363;0.5237577055199281;-0.6733387740665148
0.6370837688446045;0.28089250291786383;0.4378247362294925;0.5215890487150728;-0.676279355304166
0.6386051177978516;0.2763693611108143;0.44135114808087034;0.5202174484598643;-0.6769068965853476
0.6404674053192139;0.27158628572259697;0.4453276812671674;0.518786754002103;-0.6773362898712677
0.642467737197876;0.26593962388770803;0.44837314359378055;0.5167265192492145;-0.6791401511138085
0.6444673538208008;0.26058472004142796;0.4513652218004939;0.5146023512130633;-0.6808446668337125
0.6454668045043945;0.2560302553003847;0.4566261534603314;0.5145037337767663;-0.6791369319044637
0.6464669704437256;0.25252250443083607;0.4619185943484501;0.5134654998794936;-0.6776553529520978
0.6474668979644775;0.24963523698833226;0.465921492081387;0.5133494925781322;-0.6760707878175237
0.6494669914245605;0.24692996910624196;0.46949745397357234;0.5130539392414932;-0.6748135938896829
0.6514666080474854;0.2443857652456136;0.47270984716517134;0.5126120492163461;-0.6738322381250503
0.6524667739868164;0.24124412294954747;0.4736696959784148;0.5113367326673277;-0.6752577567707917
0.6544668674468994;0.23867755281318717;0.47537999623245275;0.5102230958022004;-0.6758100897997604
0.6564595699310303;0.23694810375294728;0.47612731758685484;0.5086108515057652;-0.6771066203383402
0.6584434509277344;0.2339857651897814;0.477016988927959;0.5087043416976434;-0.6774402901367936
0.6594414710998535;0.23128703388715655;0.4779189760124406;0.5086439653925465;-0.6777765684889435
0.6609554290771484;0.22881516891745868;0.47882757791178443;0.5084573391443958;-0.6781142259049058
0.6624734401702881;0.22653952908254402;0.4797376458675351;0.5081677831306247;-0.6784520153176946
0.6639847755432129;0.2239104332005273;0.4808631890233989;0.507550766480254;-0.6789896396790647
0.6654984951019287;0.22210716837348918;0.4824905236737285;0.5061839334811566;-0.6794476623020389
0.6677067279815674;0.2205853271202832;0.4852254664451226;0.5040908627952503;-0.6795518833898491
0.6697068214416504;0.21836824228081655;0.4864730672163021;0.5026503613470049;-0.6804424148111838
0.6712262630462646;0.2162310442125518;0.48771707812783216;0.5012469400297137;-0.681269177588454
0.6727414131164551;0.21417031746589596;0.4889507207655677;0.49988091329597556;-0.6820391046719905
0.6742568016052246;0.2125834648988382;0.48934760478554373;0.49781034202966645;-0.6837631574679657
0.6762571334838867;0.20881289714101356;0.48771230257413817;0.497294326904549;-0.6864635724741411
0.6782176494598389;0.2045032854887356;0.4858711309064086;0.4974404265855198;-0.6889562194903652
0.680217981338501;0.20061162151196293;0.4844965013933401;0.4973889672659421;-0.6911022592164446
0.6817348003387451;0.19708471321289892;0.48350778708956693;0.4971814686513711;-0.6929562921795323
0.6837344169616699;0.19407007665983025;0.4838783389176854;0.49650115498143593;-0.6940354180973831
0.6857345104217529;0.19101494776507355;0.4858063549335905;0.4966787275913289;-0.6934087660209548
0.6877338886260986;0.188467928585288;0.48768514634831245;0.49651411970282056;-0.6929045871270654
0.6897332668304443;0.18636455123558107;0.4907343862647626;0.4963318803986271;-0.6914496949743127
0.6917276382446289;0.18439756240515862;0.493435551497813;0.4960403485421847;-0.6902628978260621
0.6937277317047119;0.18255185685223746;0.4958409691974237;0.49566022799122134;-0.6893021769970338
0.6957211494445801;0.18081402355953602;0.4979945201901731;0.49520882955625983;-0.6885317435487561
0.6977138519287109;0.17917235845013382;0.49993298275612413;0.49470067379409005;-0.6879211597760714
0.6997053623199463;0.17751793254133885;0.5015992929805517;0.49412486854778975;-0.6875508324409831
0.7017052173614502;0.17587842836580642;0.49953142359429537;0.4936295681279498;-0.6898296780707862
0.7036988735198975;0.1743726507018834;0.4978750176848641;0.493122558504332;-0.6917693168583272
0.705700159072876;0.17298523999886387;0.4965617867525512;0.4926113388201429;-0.6934238008213128
0.7077007293701172;0.17170326654263676;0.49553385998690047;0.4921017375626234;-0.6948381550785176
0.7097017765045166;0.1702216225773529;0.49549659238367444;0.49130688312076815;-0.6957911128646701
0.7117888927459717;0.16816694393040368;0.4961554741885316;0.49163716776761834;-0.6955878950005501
0.7133066654205322;0.16573355293722886;0.49547537791855206;0.4925150564197321;-0.6960355296298736
0.715306282043457;0.16364192942774033;0.49470887309819295;0.4927672865303795;-0.6968965856829615
0.7168271541595459;0.16177403586907116;0.49413624135143963;0.49291084103744454;-0.6976370396484574
0.7188270092010498;0.15905536367942377;0.491806723627652;0.49249761601319336;-0.7001954270778706
0.720827579498291;0.15595496377192708;0.4887262703590023;0.4917449170107269;-0.7035706208547865
0.7228274345397949;0.15222794279614804;0.4874072020822835;0.4923972286811374;-0.7048445516406496
0.7248272895812988;0.14806152202867304;0.4847955950764243;0.49303167498203443;-0.7070861221615496
0.7263369560241699;0.14360215464195406;0.48577045231018157;0.49518954021990486;-0.7058277467635776
0.7283370494842529;0.13887473079792986;0.4847117547217019;0.4975512390996985;-0.7058406962273894
0.7303266525268555;0.13568056971288764;0.4841526395249363;0.49827294363506314;-0.706336377574221
0.7323267459869385;0.13256766141956172;0.48382922042325505;0.49867228840991573;-0.706867066273703
0.7343268394470215;0.12826258832369647;0.48303042104754274;0.4993794555015988;-0.7077079059909295
0.7363262176513672;0.12441838351150367;0.4825036554765084;0.4998343892163642;-0.7084319809642246
0.7383174896240234;0.12102696825838458;0.48309236220125473;0.501012709639853;-0.7077856365569508
0.7405343055725098;0.11729664433519178;0.48311559967005135;0.5027583334980484;-0.7071597221854588
0.7425339221954346;0.11332415030783502;0.481615375765998;0.5044742559933653;-0.7076086431232481
0.7447984218597412;0.10966891813493611;0.480159232735274;0.5056350567512912;-0.708345275270686
0.7467982769012451;0.10644247117113526;0.4790346120252724;0.5065196543944459;-0.7089666286398182
0.7488791942596436;0.10358212534997317;0.4781868084978581;0.5071758080270942;-0.7094933539073353
0.7513895034790039;0.10103556801697552;0.4775689071693399;0.5076435927883816;-0.7099420649612709
0.7533843517303467;0.09875890173004201;0.47714095801389383;0.5079565477933811;-0.7103262145440573
0.7553844451904297;0.09569000549524323;0.4798132998220492;0.5090143346059504;-0.708185729401446
0.7571902275085449;0.09138050640847332;0.4822813868328796;0.5110148474955207;-0.7056331147290461
0.7591903209686279;0.08755766892275946;0.4844884736427225;0.5125678087195732;-0.7034762362614481
0.7611904144287109;0.08414988743803423;0.4864759530375005;0.5137477627102004;-0.7016574519455241
0.7631902694702148;0.08202840754214301;0.48784360789693704;0.5141212762274986;-0.7006848563515612
0.7651896476745605;0.08054736709323698;0.4875505518635844;0.5125894950748068;-0.7021813089016372
0.7671895027160645;0.07824397945917697;0.48814049298993384;0.5118693863187558;-0.7025570938589949
0.7687101364135742;0.07609109091802177;0.4887881662157443;0.5111212224831971;-0.7028878789519973
0.770709753036499;0.07229186075714845;0.48897078390187837;0.5126108018341806;-0.702076651941631
0.772223711013794;0.0686692479783546;0.4892316138842691;0.5127837867030216;-0.7021322884277512
0.7742235660552979;0.06593959267591948;0.489457470874507;0.51200673792347;-0.7028032830343298
0.7761640548706055;0.06338460774675131;0.489897527863572;0.5109686345962811;-0.7034869282031921
0.7781636714935303;0.06180238319495055;0.4902124877736639;0.5094400981282752;-0.7045161237908139
0.7801637649536133;0.06026028735743056;0.4906245787641813;0.5080122723832682;-0.7053933311196369
0.7821645736694336;0.058386996546003156;0.4909597853321798;0.5067695423363341;-0.7062110724005533
0.7839798927307129;0.05678718268364364;0.4929206467538168;0.5064050167352391;-0.7052364219976417
0.7859780788421631;0.054641632765301706;0.49520263397765907;0.5069050003375304;-0.7034457789361868
0.7874946594238281;0.0534868118386906;0.49618826462020826;0.5058548332894307;-0.7035959455896836
0.789494514465332;0.05259067454140932;0.4970643381223738;0.5049875938595321;-0.7036680998639958
0.7914950847625732;0.05044389043667586;0.4959173925503274;0.5047253816957732;-0.7048217099066635
0.7934951782226562;0.04810626076101127;0.49486675859995927;0.5046040856804306;-0.7058097446358896
0.7954123020172119;0.04527703914874958;0.4935803517491699;0.5049733601477686;-0.7066330954846088
0.797412633895874;0.04276211739795797;0.4925876854367268;0.5051981201001429;-0.7073214494973367
0.7989301681518555;0.040518176356795485;0.4918386523367075;0.5053059828649628;-0.7078975075059986
0.8004443645477295;0.038508222960998685;0.4912911373814718;0.5053195612003336;-0.7083800365362565
0.8019700050354004;0.036700662395804155;0.4909098035423424;0.5052573964719366;-0.7087845860881347
0.8034875392913818;0.03429071853963968;0.4905814178260375;0.5061011209455915;-0.7085306447031392
0.8059988021850586;0.03353641514797887;0.4903299126469416;0.5051531090542378;-0.7094168182637781
0.8079943656921387;0.031104588588225165;0.49129819270872277;0.5054492803521936;-0.7086463260339033
0.8099946975708008;0.028892599370617215;0.4922259995826088;0.5055922868420085;-0.7079938011892329
0.8119797706604004;0.02687136311474661;0.49311653251318777;0.5056093365623637;-0.7074413148717653
0.8139798641204834;0.025015930652191334;0.4939725398101786;0.505523164558843;-0.7069735944301592
0.8159704208374023;0.022546737997578673;0.4931723233337502;0.5049017565395537;-0.7080585571451931
0.8179700374603271;0.02021180178569007;0.49277856552189386;0.504208249435251;-0.7088968963341568
0.8199644088745117;0.01757848675262803;0.4924242655673486;0.5038100226520722;-0.7094961596508212
0.8219647407531738;0.015168643238235087;0.49225816749095574;0.5033486586000268;-0.7099943215873707
0.8239650726318359;0.012954373950867008;0.49224534905067996;0.502839229107433;-0.7104079181738882
0.8259649276733398;0.010541036653706535;0.4936916159921688;0.5032595546805138;-0.7091454684816628
0.8279588222503662;0.009881960834547858;0.4959835526318094;0.5024513175904747;-0.7081280504403068
0.8299593925476074;0.008433111056111104;0.49874232615486275;0.5015040380869835;-0.7068795332459423
0.8319582939147949;0.006994305387318557;0.5012115792185717;0.5005540395436113;-0.7058212847781986
0.833958625793457;0.004202410907103085;0.5017869089114803;0.499558622536936;-0.7061398023314
0.8359572887420654;0.0014092645471616388;0.5029629788678462;0.49900145986696726;-0.7057080125040767
0.8379573822021484;-0.0003352373854569202;0.5034042632632779;0.49829053575549115;-0.7058970019207884
0.8399503231048584;-0.002503530048443754;0.5028046659500464;0.4973912918783631;-0.7069533952105553
0.8429503440856934;-0.0036406569088830464;0.5041179119382885;0.4966753243116719;-0.7065164532409328
0.8449506759643555;-0.007633127635234531;0.5045441663201611;0.4965785289373808;-0.7062483162409553
0.8469469547271729;-0.011538363735224875;0.5079798122062272;0.49798518184939117;-0.7027333315075277
0.8494534492492676;-0.01762781117989032;0.5090843296048033;0.5001610739392578;-0.7002580279723771
0.8514461517333984;-0.024791315548986923;0.5096254565535826;0.5029710813963152;-0.6976298273331814
0.8534462451934814;-0.03111834162727263;0.510268177303884;0.5051185618011237;-0.6953511879398101
0.8554463386535645;-0.03673540323785003;0.5109992623673203;0.5067155178467639;-0.6933755461380887
0.8574445247650146;-0.04174856681182206;0.5118050090327855;0.5078554173514322;-0.6916614525654234
0.8594334125518799;-0.04624672122465309;0.5126720695379549;0.5086164244137693;-0.6901723862254936
0.8614456653594971;-0.05268120042817453;0.5125934365638457;0.5106688601859063;-0.6882513895006247
0.863487958908081;-0.057236519150690175;0.5132559860753406;0.5097504674674477;-0.6880746576862576
0.8650588989257812;-0.06143471216572632;0.514071363801695;0.5087182676588653;-0.6878678166699927
0.8670694828033447;-0.06587646361232144;0.5141823219683684;0.5078967479637255;-0.6879809043316705
0.8690927028656006;-0.06967166633189291;0.5141050884785023;0.5068012717354443;-0.6884724307322586
0.8713443279266357;-0.07269665538660794;0.5146368933399535;0.5053120642217626;-0.6888568661637505
0.8733341693878174;-0.07526409728864472;0.5163788190522834;0.5040261566919341;-0.6882193431340422
0.8753445148468018;-0.07770938940332227;0.5180429029448229;0.5027390395462309;-0.6876381749315529
0.8773441314697266;-0.08004252920799053;0.5196345992216216;0.5014566859957941;-0.6871057188525566
0.8793373107910156;-0.08401205289587729;0.5211003444611926;0.5015959258754077;-0.6854180717750588
0.8813371658325195;-0.0887287941324262;0.5214316009728462;0.5018016615363518;-0.684420469505447
0.8833372592926025;-0.09354304004705306;0.5217610704005105;0.5017571740663395;-0.6835604021198346
0.8853359222412109;-0.09791481825717858;0.522257700127068;0.5014874907792912;-0.6827663433529362
0.8873157501220703;-0.1019030546143202;0.522888668329207;0.5010361850269927;-0.6820307539156695
0.8898274898529053;-0.10555787093732891;0.523626165163573;0.5004393309707514;-0.6813469388327915
0.8918166160583496;-0.10934203304346689;0.5250622902073161;0.4995433248042612;-0.6803016815029006
0.8943629264831543;-0.11288208786479126;0.5264189060376904;0.49837873013310624;-0.6795288153980517
0.8963532447814941;-0.11618676645864956;0.5277861639184196;0.4971575372252677;-0.6788054092715149
0.8988704681396484;-0.11928224657558759;0.5291546005524804;0.49589578212236995;-0.6781257461852251
0.9008612632751465;-0.12219108844760429;0.530516522953881;0.49460670330450873;-0.6774848823576507
0.9033970832824707;-0.12545757971295807;0.531166063325307;0.4936280515696339;-0.6770925753304562
0.9053969383239746;-0.1283449207778258;0.5315965250659146;0.49175227483042183;-0.677578346796504
0.9079177379608154;-0.13173081442412374;0.5312657785700573;0.4903376729182739;-0.6782128217371003
0.9099094867706299;-0.1348494830599137;0.5311694094302919;0.48894734628080927;-0.6786789874225542
0.9119162559509277;-0.137384631382349;0.5296543568598664;0.48789982861979103;-0.6801069640520349
0.9139161109924316;-0.13969030168154475;0.5290114149135077;0.48699455819660153;-0.6807861946266421
0.9159224033355713;-0.14127703174420708;0.5288096439591902;0.4861746817373231;-0.6812013942990085
0.9179222583770752;-0.14274753914096186;0.5287317014866428;0.48538660638889813;-0.6815172560181496
0.9209353923797607;-0.1441150311415393;0.5287542451484862;0.4846291352817925;-0.6817509862644493
0.9229352474212646;-0.14539086339088145;0.5288578237009053;0.4839010055922118;-0.6819169421121919
0.9254496097564697;-0.14699880488989556;0.5288278867297932;0.48348338002534874;-0.6818916620821137
0.927459716796875;-0.1491337303370456;0.5289960221289752;0.4832805052463675;-0.6814413344494844
0.9294438362121582;-0.5287609962921762;-0.46902248429968707;-0.5298165354135359;-0.4687474339384188
0.9314327239990234;-0.5567794605230074;-0.4353563323766908;-0.5590072531459765;-0.4335578244356977
0.9334239959716797;-0.583475533077109;-0.3989243388034501;-0.5875460109481248;-0.39396111385460336
0.9354138374328613;-0.6053262560982103;-0.36605415312272477;-0.6138787808579275;-0.3503388689142459
0.9374034404754639;-0.6230892906728025;-0.33168953961378966;-0.6401028290484596;-0.3033317546908246
0.9399213790893555;-0.6415201762243516;-0.2908419219018399;-0.6638486385352307;-0.2513321011658505
0.9419088363647461;-0.6597002676326623;-0.24762695153203723;-0.6816657049607708;-0.19699826507022658
0.9444553852081299;-0.6741266307462754;-0.2027834037189854;-0.6960758022247373;-0.14110511844722765
0.9474554061889648;-0.684525663082639;-0.15737225592196408;-0.7067209195878623;-0.08487715513724307
0.9494442939758301;-0.6908824613880734;-0.11250119566596285;-0.7135478825144401;-0.029568985089867515
0.9519634246826172;-0.6893192798187006;-0.06835123446051071;-0.7208672529417659;0.02274737026876714
0.9539637565612793;-0.6850123801560983;-0.026874358277719;-0.7243943811012304;0.07272268235566581
0.9559741020202637;-0.678375488208434;0.011411224583974729;-0.7248518630088685;0.1194414402292426
0.9579741954803467;-0.6713487581027062;0.04033521504494132;-0.7217336764378812;0.1635983365340003
0.9599847793579102;-0.6635429249023379;0.06835629442616505;-0.7170359967648249;0.20223150884035795
0.9619848728179932;-0.6513188471585728;0.0970231612202574;-0.7143900758039601;0.23667928746653744
0.9645144939422607;-0.6391203510258798;0.12158066274146831;-0.7107643724862709;0.26750201149916436
0.9665145874023438;-0.6272148629174196;0.1423825076056365;-0.7066828296124275;0.29483574341383084
0.9695260524749756;-0.6157969477992643;0.15978670029119435;-0.7025244868140835;0.3189383559839905
0.9720442295074463;-0.6153530958461283;0.15666284700905553;-0.701962312509587;0.3225619810451874
0.9740331172943115;-0.6145907230700269;0.15372078649408966;-0.7017211325773728;0.3259380539461898
0.9765474796295166;-0.613583069579705;0.15085611649506814;-0.7017223851425239;0.3291564111954386
0.979074239730835;-0.6048837575360353;0.16452106632203603;-0.6960850759469057;0.35002003606841936
0.9810740947723389;-0.5959646323495633;0.1769970903015172;-0.6901987594730815;0.37030238918357755
0.9846694469451904;-0.5865505298289798;0.18787100793211203;-0.6860348891697268;0.3873229804411251
0.9866695404052734;-0.5790999958200161;0.19448927417776807;-0.6816779522123436;0.40265653668933254
0.9892067909240723;-0.5258999901939584;-0.4746889904839424;-0.5356073583031996;-0.45959147115541427
0.9922065734863281;-0.5245492320911511;-0.4755462777667316;-0.5332954099198167;-0.46292531424976624
0.9952065944671631;-0.5516119423773859;-0.44318728129166324;-0.565784531579557;-0.4233168583381166
0.997725248336792;-0.5775010375504587;-0.4077966460336992;-0.5956764294192715;-0.38126636167660694
0.99971604347229;-0.6023944636736323;-0.368637766090927;-0.6233348199958553;-0.3356796236407308
1.0022594928741455;-0.6250316117015398;-0.32662988884338096;-0.6485468246111763;-0.28641825426235706
1.0042593479156494;-0.6447933491852784;-0.282226365619311;-0.670648390983802;-0.2341378890025793
1.0062682628631592;-0.6598063414431774;-0.23679753093054817;-0.689985180687748;-0.1802858052311967
1.008268117904663;-0.6713341231184995;-0.19031364658588626;-0.7052014211161673;-0.1256270938756266
1.011277437210083;-0.67906844747994;-0.14403550879474958;-0.7163193163420475;-0.07075629214906007
1.014277458190918;-0.6830872817414971;-0.0985888956624365;-0.7234547043479096;-0.016890409466682688
1.016270399093628;-0.6849543165342644;-0.0552307238332611;-0.7256633637969294;0.03463861788319715
1.018259048461914;-0.680828059596787;-0.012580461167406696;-0.7276284206034239;0.08289612049219151
1.0202462673187256;-0.6758978607521958;0.02604865226806364;-0.7251770841188809;0.128847763715403
1.0222997665405273;-0.6690325480723799;0.06134985911529356;-0.720687523886093;0.1710004015236353
1.0242996215820312;-0.6608145711736534;0.0930939208478118;-0.7147719616901719;0.20918572419585774
1.026839017868042;-0.6517677054217098;0.12122265840780559;-0.7079931159352275;0.24341255728945385
1.0288317203521729;-0.6410142416669409;0.14600989801727135;-0.7024127281248191;0.27276035457777204
1.0313494205474854;-0.6308274721383619;0.16631265192779787;-0.6970512230742406;0.29751704928452877
1.0343523025512695;-0.623261999023173;0.17987987247058396;-0.6904718758382992;0.32005671486463944
1.036341905593872;-0.6148394773331988;0.19554299456836186;-0.6826832119547499;0.3430437093185398
1.0388617515563965;-0.6067219916437251;0.2079060989303861;-0.6763997914986762;0.36214196241801017
1.0408616065979004;-0.6025412561039175;0.2117281348958907;-0.6678731610834379;0.3821788485652197
1.0434749126434326;-0.595810103058823;0.21842661350484677;-0.6630309382354707;0.3971021412035327
1.0465190410614014;-0.5882873073737953;0.2258391613238869;-0.6590040361397609;0.41064388166258836
1.049034595489502;-0.5812766006230796;0.23147300574561222;-0.6556721654115428;0.4226485214498059
1.0510444641113281;-0.5747288225255686;0.23558731960243115;-0.6529949887998251;0.4333392897063819
1.0530290603637695;-0.5685894719183058;0.2384007406591078;-0.6509200930600582;0.44291549050302614
1.0560402870178223;-0.5632087127258321;0.24025046752108348;-0.6518676851833146;0.4473747643523929
1.0580132007598877;-0.5570336040991711;0.24513884482799536;-0.6485219571423813;0.45720868513721313
1.060023307800293;-0.5513491869995912;0.2487904454157339;-0.6458416831631677;0.46583892983916353
1.0620231628417969;-0.5460881972133339;0.25138598255151384;-0.6437525707804881;0.4734716425029205
1.0650341510772705;-0.5411882043439945;0.25307857694348423;-0.6421835178995546;0.48027793069152785
1.0680365562438965;-0.5343876953317606;0.25637194587167017;-0.6421470877366036;0.4861587540705007
1.0700297355651855;-0.5309443889996616;0.25635987237630553;-0.6406919424448743;0.49182467049874024
1.0720293521881104;-0.527626128730658;0.2558983216644691;-0.6396662499958107;0.4969444696002805
1.0740292072296143;-0.5244056580193507;0.25503974189030887;-0.6390087855896174;0.5016185880059659
1.0766208171844482;-0.5210684968808683;0.25411371381384734;-0.6376992016334392;0.5072017056813993
1.0796213150024414;-0.5161551386772671;0.25436234168801203;-0.6387584045565056;0.5107556877377574
1.0816080570220947;-0.512266903294246;0.25243082010608586;-0.6394787792688529;0.5147117559515331
1.084122896194458;-0.5084585139430805;0.2501838782007093;-0.6403382869988546;0.5185025022992842
1.0871334075927734;-0.5047085511097827;0.24765843911400268;-0.641316066049813;0.5221573320357299
1.0901336669921875;-0.5009983199310333;0.24488518234618717;-0.6423941248282291;0.5257011691823887
1.093144416809082;-0.4949349739011679;0.24671619321689892;-0.6442582525425561;0.528300857130503
1.0956611633300781;-0.4894515913447856;0.24784745323823418;-0.6460097861130946;0.5307354669696497
1.0976617336273193;-0.48445454981478736;0.24838255640904827;-0.6476716101569908;0.5330397548327034
1.100296974182129;-0.4798634490533551;0.24840718220167757;-0.6492615289187872;0.5352423835602702
1.1028759479522705;-0.4759457225819047;0.2485752654234417;-0.6492563272105025;0.5386578024616214
1.1048758029937744;-0.4739279790801768;0.24575715675241863;-0.6504159675660958;0.5403283813432402
1.106886386871338;-0.47181939048484217;0.24290619191482113;-0.6515819690798688;0.5420553313656761
1.109894037246704;-0.46962916029750756;0.24001759059448197;-0.6527524320391986;0.543832943531733
1.112894058227539;-0.4673644163786031;0.23708745926565367;-0.6539259451271512;0.5456563911946847
1.1159451007843018;-0.4624893222538878;0.23882671564211463;-0.6536931189613018;0.5493184257963548
1.1179382801055908;-0.4572171195280309;0.24134280893311688;-0.6567039649347334;0.549041033644812
1.1199383735656738;-0.4525818784876312;0.2432566002312202;-0.6593476031049686;0.5488684796818708
1.122938632965088;-0.4484828423895187;0.24465926755601117;-0.6616854032401177;0.5487963283588339
1.1259384155273438;-0.4448355549169838;0.2456284374644609;-0.6637669791243495;0.5488181822922799
1.1289215087890625;-0.44538465677630423;0.24124245284452098;-0.659800237947015;0.5550659712672678
1.1309106349945068;-0.4453178740137636;0.2358728362173622;-0.6584972593640316;0.5589609607375979
1.1339213848114014;-0.4443771560493079;0.23184109856995946;-0.6565260713484685;0.5636951000631008
1.1369211673736572;-0.4426873627760408;0.22923542783566841;-0.6534979395791819;0.5695783180820317
1.1399116516113281;-0.43789083655006367;0.22951133724201753;-0.6514111528394945;0.5755342485892453
1.1429224014282227;-0.43330567625334804;0.22915483510527823;-0.6498542610174539;0.5808818226730462
1.1459221839904785;-0.43014902439700087;0.22672082224908593;-0.6487913456159429;0.5853539744657594
1.1489107608795166;-0.42673840872564683;0.22435076412174498;-0.6489516340965835;0.5885769633273679
1.1519215106964111;-0.4234057774588332;0.22091045086099137;-0.6496696478682985;0.5914858146680745
1.153921365737915;-0.4200093897566286;0.2173790787001107;-0.6504859813888362;0.5943117335846216
1.155921459197998;-0.41398384830192714;0.21646447374353003;-0.6524193376479627;0.5967491204979335
1.1585986614227295;-0.4106959067340949;0.21257041851053707;-0.6519575564313895;0.600911003375813
1.1617507934570312;-0.40626174199544923;0.20982517691723218;-0.6518847083470782;0.6049554687294925
1.1647412776947021;-0.40340649753452257;0.20465232832171298;-0.6519919223752562;0.6085122475487647
1.167736530303955;-0.4002739687396973;0.1995213912486765;-0.6523008753170584;0.6119440598977687
1.17073655128479;-0.3968943778729404;0.19441346544845134;-0.652778110298407;0.6152714815269892
1.1737229824066162;-0.3932931520867309;0.18931269803886186;-0.6533951180561408;0.6185111305250148
1.1767337322235107;-0.388150702368062;0.1862778230803886;-0.6546234462672452;0.6213756902847153
1.179244041442871;-0.3831109574739875;0.18297364337698235;-0.6558694898622031;0.6241649240069574
1.182244062423706;-0.3781436912305775;0.17943053067823309;-0.657129669228963;0.6268912435678736
1.1858325004577637;-0.3721811225452163;0.1766736346422599;-0.6594509415770624;0.6288021107601355
1.1883442401885986;-0.366202527517683;0.17411403244102858;-0.6615874036214784;0.630778978657482
1.191347360610962;-0.3621751382119608;0.169022846476062;-0.6622736265130762;0.6337618561064519
1.1933369636535645;-0.3579757352473848;0.16389480805303502;-0.6630530560450448;0.636673000634297
1.1958789825439453;-0.3536182762528478;0.1587238171003642;-0.6639063956213214;0.6395226051033382
1.1988787651062012;-0.3491144702052615;0.15350474406098444;-0.6648172745647809;0.6423187461722788
1.201878547668457;-0.3434112303319839;0.1506714026892996;-0.6648805636439931;0.6459881511157599
1.204880952835083;-0.3378158080024055;0.14748469454485608;-0.6651230911565771;0.6494151356020368
1.2078766822814941;-0.3322956923902883;0.143989081893905;-0.6655139898989952;0.6526391394660064
1.2108876705169678;-0.3268239006722291;0.1402214573463694;-0.6660265795257111;0.6556925165154248
1.2134063243865967;-0.3208773608406505;0.13588095959733096;-0.667363476885253;0.6581793629691483
1.2164056301116943;-0.3151042183498718;0.13218430154960048;-0.6699722950223392;0.6590703800842974
1.219390869140625;-0.30945662428425785;0.1282710045274618;-0.6723340882868275;0.6601136423462465
1.2219274044036865;-0.3039036715063069;0.12416089985923594;-0.6744844282551826;0.661284647812431
1.2249279022216797;-0.2971515613905494;0.12131419169756219;-0.6765844253432007;0.6627347371603035
1.2279295921325684;-0.2915256874677696;0.11812491756080218;-0.6763332530767798;0.6660575111657239
1.2304635047912598;-0.28386902645327866;0.11558401317483621;-0.6774307150258498;0.6686900164189928
1.233464002609253;-0.27652188927192545;0.11255789697606605;-0.6785206829952305;0.6711751241885356
1.2364587783813477;-0.2694210490365111;0.1091096467537185;-0.6796013673452858;0.6735349766892309
1.2394661903381348;-0.2625135129688152;0.10529223426416522;-0.6806699109894192;0.6757874467508908
1.2424662113189697;-0.25648226634887483;0.10002993309529115;-0.6806166641714793;0.6789490525699142
1.2454521656036377;-0.25037964691880293;0.09459891704270268;-0.6807097884507914;0.6819056101913534
1.2484450340270996;-0.24420161281353298;0.08901343326890632;-0.6809179859456072;0.6846845094002998
1.2514450550079346;-0.23794524789102392;0.08328552712310203;-0.6812145582440644;0.687308013640355
1.2539606094360352;-0.23076857011442672;0.07846910452921306;-0.6832796587316642;0.6882712943638336
1.2569715976715088;-0.22370721534862728;0.07339893248497485;-0.6851307903371981;0.689321027274633
1.2599713802337646;-0.2167288693452649;0.06810009040616391;-0.686794577045757;0.6904376755504692
1.2633731365203857;-0.2098066156359353;0.06259453495689885;-0.6882924642758806;0.6916043607800346
1.2663726806640625;-0.2036172974463665;0.05628379877509874;-0.6899994377253333;0.6922953893496664
1.2688851356506348;-0.19672158577622537;0.0509200899260118;-0.6899578310409353;0.6947416451580417
1.271885871887207;-0.18912577613545029;0.0460590527963106;-0.6901358604274623;0.6970096832962339
1.274886131286621;-0.18162947476242622;0.0408943377245135;-0.6903592279292989;0.6991012254691453
1.2783985137939453;-0.17413964449402078;0.035485564140715575;-0.6903000367823826;0.7013572685667072
1.2814011573791504;-0.16694445397547242;0.02902246881085015;-0.6906338597811805;0.7030733370813484
1.2843945026397705;-0.158038358682486;0.02379580569237335;-0.6945899595297222;0.7014288452415509
1.2869091033935547;-0.14942367646521243;0.018281827659058992;-0.6979380990431522;0.7001576605258956
1.2894220352172852;-0.14104923667386174;0.012509800644245781;-0.7007691417627018;0.6991932691858012
1.2924084663391113;-0.13337596617670747;0.008132234106719352;-0.6979177828740768;0.7036017955939257
1.295414924621582;-0.1259285270109312;0.003031815760946353;-0.6952101177995248;0.7076833375791883
1.298414945602417;-0.11847827521257859;-0.0023630847338194103;-0.6929296558592601;0.7112002574268099
1.301407814025879;-0.11101349574270934;-0.008008418988649936;-0.6909979469805424;0.7142364498238388
1.3044188022613525;-0.1035262769256962;-0.013867627693226713;-0.6893481448145395;0.716860609971575
1.307413101196289;-0.09411176716381026;-0.018221959704504385;-0.6902306394034964;0.7172116841591978
1.3104126453399658;-0.08670158365377396;-0.02417849318659908;-0.6889007459587869;0.7192454366046268
1.31341552734375;-0.07926628424411655;-0.03030212856083784;-0.6877325288578557;0.7209872439492894
1.316929578781128;-0.07180175215676358;-0.03657005429656718;-0.6866869650735301;0.7224736337847004
1.3204474449157715;-0.06330645049849395;-0.04260734576753903;-0.6861639134894596;0.7234334739537259
1.3234477043151855;-0.05667924170523225;-0.05021820169956837;-0.6875925964583407;0.7221371179169914
1.326432228088379;-0.04725746195557388;-0.05459138008468009;-0.6844124155894327;0.7255109640088184
1.3289475440979004;-0.037991139026240274;-0.059453512701105334;-0.6816333966305945;0.7282841930049194
1.3314659595489502;-0.028257537710144012;-0.0646327159918983;-0.6792431401021934;0.7305154893704736
1.3344769477844238;-0.017569879370679654;-0.06949646390130446;-0.6796361664582595;0.7300385072624835
1.337465524673462;-0.007201197066450146;-0.07492336648379384;-0.681260236543109;0.7281614669980638
1.3404762744903564;0.002865152493702791;-0.08074261329532566;-0.6824748570237441;0.7264299627836459
1.343487024307251;0.013822755522380051;-0.0866128279421662;-0.6847522850247211;0.7234787195343428
1.3464891910552979;0.02446154071285417;-0.09209422989859468;-0.6866598765369373;0.7207069444646805
1.349482536315918;0.032900403215137576;-0.09993901201986882;-0.6857314411099239;0.7202097944474795
1.3524928092956543;0.042511368677358954;-0.10798979267790502;-0.6867558226379014;0.7175635360603967
1.3554918766021729;0.052005816878831296;-0.11612251463987877;-0.6873513572887967;0.7150937478664775
1.358485460281372;0.06144126901407173;-0.12430799466781307;-0.686825085963587;0.7134730507977992
1.361480474472046;0.07042057036817644;-0.1333747161725624;-0.6881968758184179;0.709674001544849
1.3644802570343018;0.08054466721976385;-0.14027095587321053;-0.6900449432454141;0.7054605529881216
1.367475986480713;0.088659177268139;-0.1486236262066296;-0.6874647026860822;0.7052962856701187
1.3704869747161865;0.09683739468886536;-0.1569388359968402;-0.684957414017159;0.7048588949064598
1.3734865188598633;0.10506349957623817;-0.1652107335739603;-0.682494829802975;0.7041788706436425
1.3764879703521729;0.11332305803575606;-0.17343474469402761;-0.68005393577594;0.7032815355787437
1.3794984817504883;0.12273266070023217;-0.1799891620302794;-0.6762690127750055;0.7037050645756353
1.382505178451538;0.13225785302422052;-0.18669992935532267;-0.6741329154165949;0.7022790108240906
1.385505199432373;0.14158319947279263;-0.193565177697772;-0.6719507798266491;0.7006917076005935
1.388504981994629;0.15072948800413583;-0.20054969457320257;-0.6697177326742271;0.6989553633775898
1.3915069103240967;0.1586942035149691;-0.2084056678206465;-0.6688904391871581;0.6956786670259413
1.394498586654663;0.16748977086543565;-0.21516795756781557;-0.6671156183377429;0.693258017235567
1.3975090980529785;0.17668755739597714;-0.22205471559083112;-0.6654218705068486;0.6904251911659113
1.4005098342895508;0.18567102628785215;-0.22903182173304737;-0.6635474721323256;0.6875866831590459
1.4035120010375977;0.19445996056646095;-0.23607252369761125;-0.6615110888125628;0.6847321860914304
1.4065241813659668;0.20315006899551824;-0.24299342769012358;-0.6587447052655971;0.6824512120665203
1.40952467918396;0.21027108321348184;-0.2513237173508627;-0.6613187443231999;0.6747443805382589
1.4125151634216309;0.21730069684857672;-0.2594678641714981;-0.6629619929045552;0.667786066472957
1.4160382747650146;0.22423903861923272;-0.26744571339484147;-0.6638246500751147;0.6614578428732236
1.4190382957458496;0.23376564530052954;-0.2721266753094553;-0.6560310396655151;0.664021061908154
1.4220380783081055;0.2414494066731344;-0.2790924958548105;-0.6516160841669758;0.6627262192109354
1.4250495433807373;0.2490534254020553;-0.2860089581377211;-0.6473801214371941;0.6611128841041003
1.4280493259429932;0.2565749178101317;-0.29286642749252456;-0.6432875564228011;0.6592265824055275
1.431565761566162;0.2650750649262892;-0.29881298217018565;-0.6412235128963196;0.6551934204109404
1.434565782546997;0.2730229971580786;-0.3049921563607956;-0.6382283227120573;0.6519991071077981
1.4371063709259033;0.28130784540230636;-0.3103049361261676;-0.6347107584846403;0.6493989496408967
1.440108299255371;0.2893078019099239;-0.3157335267283273;-0.6312300321811108;0.6466544535734482
1.443096399307251;0.29704926830937056;-0.32124208393476084;-0.6277780347005361;0.6437856746259986
1.446108341217041;0.3044130527115883;-0.326867942059143;-0.6231693192413695;0.6419891286844976
1.4491095542907715;0.3123254654567643;-0.3313434563939343;-0.6173343198870693;0.6415314918394155
1.452101469039917;0.3199708743502671;-0.3359749455944446;-0.611902674392325;0.6405580321655923
1.4550950527191162;0.3273762798355248;-0.34071892011420185;-0.6068106239786674;0.6391527638240209
1.4590954780578613;0.3345629369450679;-0.34553963646830443;-0.6020041335287831;0.6373860871295367
1.462078332901001;0.3422270184862083;-0.3509306945809572;-0.5983349017215616;0.6338167407072938
1.465090036392212;0.3496532130531185;-0.3563262627473829;-0.5946790336951486;0.6301833637613088
1.4676079750061035;0.35685450863949675;-0.3617084869391421;-0.5910346771781437;0.6264980770224178
1.470592737197876;0.36384278500531875;-0.36706228139069236;-0.5874006141409973;0.6227714090150679
1.4736032485961914;0.3701274388783786;-0.3727634574405625;-0.5832685800232191;0.6195569766728382
1.4766030311584473;0.3754827546258563;-0.37917231698555637;-0.5822125980891948;0.6134081395258897
1.4796030521392822;0.38020691904988463;-0.3858101352740749;-0.5814486947989396;0.607050783331184
1.4831781387329102;0.38493614494490663;-0.3921498103807957;-0.5802346136132812;0.6011409848765148
1.48671555519104;0.38965301346589687;-0.39822548876043967;-0.578647644701926;0.5956121997402071
1.4897170066833496;0.3958590735801584;-0.40240656003879083;-0.5751500688831015;0.5920869467956283
1.4922308921813965;0.4018120928321029;-0.40660317495586484;-0.5716824496707055;0.5885576241186561
1.4947481155395508;0.4075338669372332;-0.4107968222871571;-0.5682451682583611;0.5850295264762165
1.4977588653564453;0.41304306172063315;-0.4149720542641078;-0.5648384850298227;0.5815076174681516
1.5007586479187012;0.4180587767299205;-0.419254298874076;-0.5600305485921602;0.5794984699878452
1.5077488422393799;0.4232581233313865;-0.42330480147366684;-0.5584148140268322;0.5743156811011786
1.5112698078155518;0.42824818863034786;-0.4273154961257161;-0.5565605129581934;0.5694254570366271
1.515272617340088;0.43304619700426683;-0.43127968441148;-0.5545118588056659;0.5647879456202664
1.5192577838897705;0.43766716481155943;-0.43519113800744297;-0.5523058890824089;0.5603698163984994
1.5222578048706055;0.44410631355412467;-0.4370283859122782;-0.5486639899755705;0.5574438072777934
1.5257761478424072;0.45009686578986297;-0.43911484111256044;-0.5451413079309252;0.5544474024722212
1.528775930404663;0.4556981973355381;-0.4413976037086024;-0.5417255853053105;0.5513988561931039
1.5327847003936768;0.4609591959859441;-0.4438319436130436;-0.5384062500274551;0.5483142670002611
1.5357954502105713;0.46543968657591717;-0.44724353232137143;-0.5362586420535448;0.5438435342814167
1.5393130779266357;0.469513729838079;-0.45088772932629945;-0.5332686574363131;0.5402607259764318
1.5423133373260498;0.4734633459795427;-0.4544512780307965;-0.5302969926914579;0.5367416468399183
1.5452916622161865;0.47729338776342817;-0.45793298333004245;-0.5273474165600022;0.5332852023291555
1.5488097667694092;0.48060137171227973;-0.46187450357474163;-0.5236052830695499;0.5305956765725837
1.5518085956573486;0.4840859312972646;-0.46548879562775203;-0.5205008962415063;0.5273137673879507
1.5548088550567627;0.48749547484461814;-0.46897879860267305;-0.517446962897721;0.5240760336584174
1.5578181743621826;0.490827444743919;-0.47235147781195885;-0.5144432869543503;0.5208844453452391
1.5613365173339844;0.49408008669793463;-0.47561287661189167;-0.5114898525583196;0.5177406592681237
1.5643277168273926;0.496065436062118;-0.48000815327745333;-0.5087461483776498;0.5144789718176787
1.5673279762268066;0.4982991544258538;-0.4837552073018273;-0.5058512820656724;0.5116574367087425
1.570845603942871;0.5005773385985003;-0.4872920812252236;-0.5030113110408143;0.5088697049558302
1.5738458633422852;0.5028815024106293;-0.49064006595031073;-0.5002261632605297;0.5061188652946584
1.5771832466125488;0.5058389142454032;-0.49302408039683226;-0.49760323580615873;0.5034334799148046
1.5801670551300049;0.5075519443143773;-0.4965103109509209;-0.4961839551522142;0.4996699086313087
1.5831780433654785;0.5093257254758471;-0.49977740367535367;-0.4946272654239168;0.49613881166794727
1.5871784687042236;0.5111413062322273;-0.5028509122092145;-0.49296336158639;0.49281096709287964
1.5901768207550049;0.5129828518252189;-0.5057521393290304;-0.49121760610958753;0.48966175136040657
1.5931766033172607;0.5168344462918077;-0.506533960468424;-0.487643589607282;0.48837406926795207
1.5966944694519043;0.520430788015006;-0.5075831657858498;-0.484977833904296;0.48611482729741057
1.6002776622772217;0.5237668520308087;-0.5087547881169577;-0.48241145095882415;0.4838553939614691
1.603269100189209;0.5277097958883729;-0.5093492030785101;-0.47899101790634047;0.4823415443560574
1.606269359588623;0.5297873182018515;-0.5116593465118928;-0.47645024364066896;0.480130478030983
1.609269142150879;0.5318234345393271;-0.5138735567078245;-0.4740000182731895;0.4779349169795616
1.6122698783874512;0.5338157139133736;-0.5159986250600689;-0.4716331428297232;0.47576084443744593
1.6156067848205566;0.535762286598442;-0.5180404657905895;-0.46934362431732246;0.47361314421683637
1.619124412536621;0.5362931092380828;-0.5209167375109487;-0.46773891918163135;0.47144008850276864
1.622124195098877;0.5379192834015294;-0.5225920045772576;-0.4661111096662454;0.4693408939591882
1.6251261234283447;0.5394428799986394;-0.5242344079548495;-0.46456347580470014;0.4672905324134628
1.6291601657867432;0.5409316314466055;-0.5258135587206065;-0.4630263156859861;0.4653167765601694
1.6321625709533691;0.5423844650249341;-0.5273334436635487;-0.4615040585590018;0.463413999817796
1.6351497173309326;0.5440323156139143;-0.5285282342877062;-0.4599341390399546;0.46167882004057514
1.638160228729248;0.5465739938936608;-0.5288148033441299;-0.4575414665261236;0.46072505832911437
1.641160249710083;0.5486270921896069;-0.5297064725038938;-0.45617051538981324;0.4586151192362177
1.6451497077941895;0.5505471838238771;-0.5306371952503722;-0.4547970264289895;0.45659788671408147
1.6481425762176514;0.5523031594846916;-0.5316987032499102;-0.4525399458995166;0.4554835961380542
1.651660680770874;0.5534332640346842;-0.5332622312659648;-0.4507620931790632;0.4540446567442347
1.654651403427124;0.5541333985360464;-0.5351426147291356;-0.4494458652683766;0.4522797505094779
1.65865159034729;0.5559164557475587;-0.5358950531445268;-0.4471691292266425;0.45145670458083104
1.6616623401641846;0.5576747567588833;-0.5366877260465223;-0.4448888257104588;0.450598583156785
1.6646623611450195;0.5593233302775834;-0.5375073399587744;-0.442772644238153;0.44966171419411477
1.667651653289795;0.5608739699084374;-0.5383445905599386;-0.440800535921852;0.44866510809846755
1.6716625690460205;0.5623367115839271;-0.5391918338602091;-0.4389554014591676;0.44762455767446574
1.6746642589569092;0.5625762684079514;-0.5411423450050254;-0.437423404712346;0.4464679940113354
1.677649974822998;0.5629178258548964;-0.5429171721728;-0.43595808056105667;0.4453145152453555
1.6806600093841553;0.5634280473475919;-0.5444357430239022;-0.43450348696882446;0.4442356097748397
1.6841776371002197;0.5635252937696074;-0.5462652128684725;-0.43354148115560814;0.4428039573095993
1.6879498958587646;0.5646576588820617;-0.5470068527295372;-0.43187824294825294;0.442070599113632
1.690941333770752;0.5668940782987358;-0.5468109084225217;-0.4301933803339099;0.44109249589722915
1.6949408054351807;0.5686984511120539;-0.5470101193066256;-0.42873676898902596;0.439939523111703
1.6985208988189697;0.570349136373156;-0.5472958806616898;-0.42735182560879537;0.43879323011866345
1.7020344734191895;0.571865847214163;-0.5476506620144012;-0.4260323107586135;0.4376581718360711
1.7050352096557617;0.5708119247803523;-0.5503069179838976;-0.42627840690443375;0.43545695809647067
1.7080352306365967;0.5703670623434763;-0.5522054666523081;-0.4261485186095009;0.43376027582053606
1.7116520404815674;0.5700808875644251;-0.5538925538037498;-0.42591680960164957;0.4322102402457276
1.7151715755462646;0.5699257788606991;-0.5553987924774556;-0.42560380885832455;0.4307878663447899
1.7187762260437012;0.57012207961786;-0.5564957823330987;-0.4258421006356388;0.428872666305403
1.7222938537597656;0.5707819736370988;-0.5567002149467868;-0.4257148486351026;0.42785473808377
